"960bd069-96d3-435a-8d4e-1d53651be538","politics","Trump Opens Re-election Year at Rally in Ohio","https://www.nytimes.com/2020/01/09/us/politics/trump-rally-toledo-ohio.html"
"58f6b2d0-a1da-4bd0-bee8-390c02ded4b7","climate","As Fires Rage, Australia Sees Its Leader as Missing in Action","https://www.nytimes.com/2020/01/04/world/australia/fires-scott-morrison.html"
"a22585ed-eacc-4594-816b-6ad3db480473","science","Marine Labs on the Water’s Edge Are Threatened by Climate Change","https://www.nytimes.com/2020/01/07/climate/climate-change-marine-science.html"
"ba6d7a75-6b3c-49f6-a176-64d47b6aadfb","politics","What Is Trump’s Iran Strategy? Few Seem to Know","https://www.nytimes.com/2020/01/06/world/middleeast/trump-iran-soleimani-strategy.html"
"1707cc35-9c67-4ce1-a1f2-b3280451515e","climate","Science Under Attack: How Trump Is Sidelining Researchers and Their Work","https://www.nytimes.com/2019/12/28/climate/trump-administration-war-on-science.html"
"1a690204-8c2d-4210-af38-da418a776ae9","arts","‘Like a Boss’ Review: Tiffany & Rose’s Very Unfortunate Adventure","https://www.nytimes.com/2020/01/09/movies/like-a-boss-review.html"
"4397c3b0-e589-46f9-97a5-e935fec74e0a","arts","Review: A Choreographer Alone With Her Audience and Death","https://www.nytimes.com/2020/01/09/arts/dance/driscoll-space-review.html"
"95c496de-c068-475a-be7c-00db5636d4f2","science","Johnson & Johnson Sued Over Baby Powder by New Mexico","https://www.nytimes.com/2020/01/03/business/johnson-johnson-baby-powder-new-mexico-suit.html"
"de19826b-3e5f-465a-9cbc-fa8822faa1cf","arts","For William Gibson, Seeing the Future Is Easy. But the Past?","https://www.nytimes.com/2020/01/09/books/review/william-gibson-by-the-book-interview.html"
"2b40af5e-df39-4c4f-b154-797d83f3c316","sports","A Great Goaltending Hope Arrives With a Win","https://www.nytimes.com/2020/01/08/sports/hockey/rangers-Igor-Shesterkin-goalie.html"
"5a7da6d6-63e1-48c5-98de-0b8b54ef9a5f","travel","House Hunting in Spain: A Historic Estate For Under $2 Million","https://www.nytimes.com/2020/01/01/realestate/house-hunting-in-spain-a-historic-estate-for-under-2-million.html"
"de462ed2-6059-410e-9b47-69b90504af03","nyregion","Trump Fails to Quash E. Jean Carroll’s Defamation Suit","https://www.nytimes.com/2020/01/09/nyregion/trump-e-jean-carroll-defamation.html"
"e000d0a5-9221-4fe2-880b-87a2f5b4453c","health","A.I. Comes to the Operating Room","https://www.nytimes.com/2020/01/06/health/artificial-intelligence-brain-cancer.html"
"37e2f7fa-7e9d-4971-98d6-1c8c9645fd48","business","Facebook Says It Won’t Back Down From Allowing Lies in Political Ads","https://www.nytimes.com/2020/01/09/technology/facebook-political-ads-lies.html"
"4b080b4e-2f86-453e-9e52-d19170259403","health","Back in the Hospital Again","https://www.nytimes.com/2020/01/07/well/hospital-doctors-patients-nurses.html"
"475d838f-0fb9-4bf7-a819-db0d5db4df21","world","When the Cobra Bites, You’ll Be Glad Someone Sequenced Its Genome","https://www.nytimes.com/2020/01/09/science/cobra-venom-genome.html"
"d0d3e944-0b3a-4059-828d-6baa702a7660","health","Everyone’s Resolution Is to Drink More Water in 2020","https://www.nytimes.com/2020/01/04/style/self-care/hydrate-hydrate-hydrate.html"
"d10cdd12-a2dc-4220-baf7-5a6ecd2866ab","technology","Major TikTok Security Flaws Found","https://www.nytimes.com/2020/01/08/technology/tiktok-security-flaws.html"
"7df41fbf-4571-4c4c-83ec-ecb4cbcdc44a","world","Donald Trump, British Royal Family, Cuttlefish: Your Thursday Briefing","https://www.nytimes.com/2020/01/09/briefing/donald-trump-british-royal-family-cuttlefish.html"
"ed8d04f8-d103-4c02-ab35-55902fdf9f6d","arts","Overlooked No More: Margaret McFarland, Mentor to Mister Rogers","https://www.nytimes.com/2020/01/08/obituaries/margaret-mcfarland-overlooked.html"
"27ef991b-e9aa-4509-a32f-a4744aa84c01","style","I’ll Share My Salary Information if You Share Yours","https://www.nytimes.com/2020/01/09/style/women-salary-transparency.html"
"a7801139-6314-4c58-91dd-6e88dd0be41a","world","China Identifies New Virus Causing Pneumonialike Illness","https://www.nytimes.com/2020/01/08/health/china-pneumonia-outbreak-virus.html"
"9a37f673-e812-4f13-bb2c-4a011d19a473","health","Whole Milk May Be Better When It Comes to Children’s Weight","https://www.nytimes.com/2020/01/07/well/whole-milk-may-be-better-when-it-comes-to-childrens-weight.html"
"18b92705-bc1d-4119-ba4c-ca4335551070","style","Five Places to Dine in Paris With the Author of ‘Let’s Eat France’","https://www.nytimes.com/2020/01/03/travel/five-places-to-eat-in-paris-with-food-critic-Franois-Regis-Gaudry.html"
"46e53e32-cf4e-4264-aca4-d2a7722f7b3b","upshot","How Serious Is Tom Steyer’s Polling Surge?","https://www.nytimes.com/2020/01/09/upshot/Tom-Steyer-polling-surprise.html"
"af56c5dd-fddc-4fe5-b0b7-2b74d951ec0b","technology","Silicon Valley’s Newest Rival: The Banks of the Hudson","https://www.nytimes.com/2020/01/05/nyregion/nyc-tech-facebook-amazon-google.html"
"04f744a9-9b1c-4984-be5c-6993ec5a6ba4","business","Carlos Ghosn Defends His Legacy","https://www.nytimes.com/2020/01/08/business/carlos-ghosn-interview.html"
"de170816-d5ed-45dc-904d-86a987abf55d","arts","Fran Drescher Developing ‘The Nanny’ Musical for Broadway","https://www.nytimes.com/2020/01/08/theater/the-nanny-broadway-fran-drescher.html"
"9728ca66-54a3-4229-adf2-70dbbfed5049","us","Trump Opens Re-election Year at Rally in Ohio","https://www.nytimes.com/2020/01/09/us/politics/trump-rally-toledo-ohio.html"
"07492623-2957-4cc9-9cd0-70f2d34d8c1f","world","Iran, Australia Fires, Carlos Ghosn: Your Wednesday Briefing","https://www.nytimes.com/2020/01/07/briefing/iran-australia-fires-ghosn.html"
"eced278c-d304-4c21-baf3-78182ba3945a","us","Trump’s Move Against Landmark Environmental Law Caps a Relentless Agenda","https://www.nytimes.com/2020/01/09/climate/trump-nepa-environment.html"
"064cbd19-6a0e-47e8-b72d-cce0533c7aa2","science","The Flu Season May Yet Turn Ugly, C.D.C. Warns","https://www.nytimes.com/2020/01/08/health/flu-season-severity.html"
"9817fa1e-e526-41a2-84b0-4c909d753aac","climate","The 2019 Good Tech Awards","https://www.nytimes.com/2019/12/30/technology/the-2019-good-tech-awards.html"
"c70095dd-b9b6-4790-a7b3-515ee8152b6a","nyregion","A Show Reminds Young Audiences: We All Got Here From Somewhere","https://www.nytimes.com/2020/01/09/theater/cartography-new-victory-theater.html"
"1ec6555f-4e2f-4d74-89d2-9b08c980ab89","world","At the Edge of a War, the U.S. and Iran Appear to Step Back","https://www.nytimes.com/2020/01/08/world/middleeast/us-iran-war.html"
"c29682a0-3ac9-4811-844a-304ef9c99cbc","world","Its Missiles Did Little Damage, but Iran Has More Potent Weapons","https://www.nytimes.com/2020/01/08/world/middleeast/irans-weapons-military.html"
"7b52ad71-d5e8-4861-a341-b09e1c2c4666","business","Ken Friedman of the Spotted Pig Will Pay $240,000 in Sexual Harassment Case","https://www.nytimes.com/2020/01/07/dining/spotted-pig-ken-friedman-sexual-harassment.html"
"63a7992b-1cf5-4c28-a01e-0cc0755fb718","business","Megyn Kelly Talks About Roger Ailes and ‘Bombshell’ in YouTube Video","https://www.nytimes.com/2020/01/09/business/media/megyn-kelly-roger-ailes-bombshell.html"
"bd8586e2-8e71-4914-97a3-6730bb5be358","us","Steel Hub’s Comeback Preceded Trump, but He Benefits","https://www.nytimes.com/2020/01/09/business/economy/trump-pennsylvania-economy.html"
"f2abddf8-fc01-45dd-8d16-4b84cd377803","climate","2019 Was Second Hottest Year on Record","https://www.nytimes.com/2020/01/08/climate/2019-temperatures.html"
"44f66c6c-ca48-4624-96a2-c356adf4e7e0","dining","A Chef Designs Shelf-Stable Meals for the Needy","https://www.nytimes.com/2020/01/06/dining/heavenly-harvst-foundation.html"
"24cd65d4-480c-4f7c-8094-abc78be5fe6f","sports","Only Three N.F.L. Head Coaches Are Black. ‘It’s Embarrassing.’","https://www.nytimes.com/2019/12/31/sports/football/rooney-rule-nfl-coach.html"
"dd8652d2-3274-4d00-9b92-b85260efb483","world","At the Heart of France’s Long Strikes, a Fight Between Haves and Have-Nots","https://www.nytimes.com/2020/01/09/world/europe/france-strikes-pensions.html"
"98d0cd93-b55f-4c4d-94e1-9a164bbfa3b3","us","Australia Fires Show Parallels With California Wildfires","https://www.nytimes.com/2020/01/09/us/california-australia-wildfires.html"
"8ab736ac-518e-446f-8c23-7b780e88908a","business","Impossible Dumplings and Beyond Buns: Will China Buy Fake Meat?","https://www.nytimes.com/2020/01/07/business/fake-pork-china.html"
"d17b9889-5c58-4a8a-8868-eef52c3d7295","business","Real Men Don’t Rent","https://www.nytimes.com/2020/01/08/style/men-rent-rental-clothing.html"
"b637e2af-5739-4476-b085-042f9a0e6f0d","politics","Bernie Sanders’s Latest Endorsement: Sunrise Movement","https://www.nytimes.com/2020/01/09/us/politics/bernie-sanders-sunrise-movement-endorsement.html"
"95b59baa-7558-48d1-a2ba-30819d0914d7","politics","Evidence That Plane Was Shot Down in Iran May Upset U.S.-Canada Relations","https://www.nytimes.com/2020/01/09/world/canada/iran-plane-crash-ukraine.html"
"fa4803d8-4c74-4f99-9179-65d6ec4a082f","technology","F.B.I. Asks Apple to Help Unlock Two iPhones","https://www.nytimes.com/2020/01/07/technology/apple-fbi-iphone-encryption.html"
"af5a4ef1-51cc-4599-9652-fbf86aff51a3","upshot","New York State Investigates Christian Health Cost-Sharing Affiliate","https://www.nytimes.com/2020/01/08/health/christian-health-insurance-subpoena.html"
"cb90ce6d-9678-4e51-a8a1-6a420859402e","business","The Balancing Act","https://www.nytimes.com/2020/01/09/business/how-much-debt-do-i-have.html"
"da3a2fa7-6974-4c6c-88b1-c4acc005913d","arts","Who’s Hosting the Oscars This Year? No One","https://www.nytimes.com/2020/01/09/movies/oscars-no-host.html"
"1e95ded5-a9c8-44e4-bb38-f8ea6c088890","nyregion","Video Related to First Epstein Suicide Attempt Was Lost, Officials Say","https://www.nytimes.com/2020/01/09/nyregion/jeffrey-epstein-video-suicide.html"
"03a456c3-6f97-44c3-b5bc-f4d3949b778f","upshot","Vaping Kills a 15-Year-Old in Texas","https://www.nytimes.com/2020/01/09/health/teen-vaping-death.html"
"00ec0d6c-d921-4822-a4d6-8fb5b59309e9","travel","Exploring Spectacular Caves in a Quiet Corner of Vietnam","https://www.nytimes.com/2019/12/31/travel/phong-nha-vietnam.html"
"ce84ee9d-589f-4faa-a90e-e55bf812a5d9","dining","Current Job: Award-Winning Chef. Education: University of IHOP.","https://www.nytimes.com/2020/01/07/dining/chef-chain-restaurant.html"
"93db8753-3a6b-47cf-bc04-baa74f2efc2f","science","Vaping Kills a 15-Year-Old in Texas","https://www.nytimes.com/2020/01/09/health/teen-vaping-death.html"
"05610b94-d33a-4a98-93b2-eb21cc341194","style","Inside the Golden Globes After-Parties","https://www.nytimes.com/2020/01/06/style/globes-after-parties.html"
"821f4456-a7c6-4e60-a8b9-95c441a9a268","style","How Hard Can It Be to Choose a Hardwood Floor?","https://www.nytimes.com/2020/01/07/realestate/how-hard-can-it-be-to-choose-a-hardwood-floor.html"
"113c5cc1-1765-4fd6-ab21-add7336013e2","upshot","How Cutting Food Stamps Can Add Costs Elsewhere","https://www.nytimes.com/2019/12/31/upshot/food-stamps-lower-health-care-costs.html"
"6e080c80-b2d6-46d9-a2cf-1c93a129088f","education","A Year After a #MeToo Reckoning, Economists Still Grapple With It","https://www.nytimes.com/2020/01/07/business/economy/economics-race-gender.html"
"5cec348f-9803-47c3-8b9b-0a1701896db7","arts","Bill Cosby, Citing #MeToo Bias, Files New Appeal","https://www.nytimes.com/2020/01/09/arts/television/bill-cosby-appeal.html"
"590d055d-4534-4132-ba3b-abe615b6a4be","politics","Bernie Sanders and Elizabeth Warren Jointly Urge Against War With Iran","https://www.nytimes.com/2020/01/08/us/politics/bernie-sanders-elizabeth-warren-iran.html"
"66ec8b54-96bf-4a78-9e99-93b754a4739e","upshot","The Flu Season May Yet Turn Ugly, C.D.C. Warns","https://www.nytimes.com/2020/01/08/health/flu-season-severity.html"
"ed7b5f58-96c2-4460-99cf-af435e1c6189","world","Civilian Planes Shot Down: A Grim History","https://www.nytimes.com/2020/01/09/world/middleeast/civilian-planes-shot-down.html"
"81ef38a2-d536-4fad-be7d-fee4ca78e7c3","us","After Years of Wrangling, Kansas Leaders Reach Deal to Expand Medicaid","https://www.nytimes.com/2020/01/09/us/kansas-medicaid-expansion.html"
"ac96a0a6-54d0-46ba-99b5-2ade5503af66","politics","Julián Castro Endorses Elizabeth Warren for President","https://www.nytimes.com/2020/01/06/us/politics/julian-castro-endorsement-elizabeth-warren.html"
"3ec9ce1a-59e2-49b5-9523-7dd5016edb6e","us","Some of Australia’s Smallest Species Could Be Lost to Wildfires","https://www.nytimes.com/2020/01/09/science/australia-fire-ecology-insects.html"
"178e26db-3099-4e5b-8daf-46986dc6cf3c","upshot","A.I. Comes to the Operating Room","https://www.nytimes.com/2020/01/06/health/artificial-intelligence-brain-cancer.html"
"f89d8dbc-c431-4445-be69-47758e829941","dining","A Bangkok Kitchen Hides Inside a Chinese Restaurant in Queens","https://www.nytimes.com/2020/01/07/dining/thai-cook-review-pete-wells.html"
"8bac0b46-bf63-4480-b999-d7229fae6556","health","China Grapples With Mystery Pneumonia-Like Illness","https://www.nytimes.com/2020/01/06/world/asia/china-SARS-pneumonialike.html"
"990f79e8-8f94-4e1d-b628-b86810b07371","arts","Robert Caro’s Papers Headed to New-York Historical Society","https://www.nytimes.com/2020/01/08/arts/robert-caro-new-york-historical-society.html"
"9b20cfab-dcea-499c-bbf6-b765d7fde5cc","arts","‘Inherit the Viper’ Review: Hard Times in a Hard Town","https://www.nytimes.com/2020/01/09/movies/inherit-the-viper-review.html"
"3d2711d9-0303-4870-8f66-83694ee34a53","politics","Trump Fails to Quash E. Jean Carroll’s Defamation Suit","https://www.nytimes.com/2020/01/09/nyregion/trump-e-jean-carroll-defamation.html"
"8d933990-4ab0-4dd7-9cca-69e931029818","us","Why Your State Is Growing or Stalling or Shrinking","https://www.nytimes.com/2020/01/09/upshot/american-population-slowdown.html"
"aac63828-0c21-42bf-9972-8e2c12c693e6","world","Trump Administration’s Actions in Middle East Complicate Its Criticisms of China","https://www.nytimes.com/2020/01/09/world/asia/trump-china-iran.html"
"9833aa4b-72d7-4cc2-8e02-f9d8a4842ea9","travel","The T List: A Comfy Robe You’ll Want to Leave the House in, and More","https://www.nytimes.com/2020/01/09/t-magazine/comfortable-robes-tlist.html"
"da67eb7b-f708-4efd-a5e0-9efa5f9c529f","travel","5 New Standout Safari Camps","https://www.nytimes.com/2019/12/28/travel/safari-camps.html"
"ce2e608f-f2e2-4d24-a0c4-64b54308262a","style","What to Know About Prince Harry and Meghan, Duchess of Sussex, Stepping Back","https://www.nytimes.com/2020/01/09/style/royal-family.html"
"49eb1b28-ed66-4062-a672-e23510f2dd81","business","The Nets Called It Home. Now an NBC Drama Lives There.","https://www.nytimes.com/2020/01/07/business/meadowlands-arena-nbc-studio.html"
"82ac0321-223c-496b-92c3-bdf13206006a","dining","Five Places to Dine in Paris With the Author of ‘Let’s Eat France’","https://www.nytimes.com/2020/01/03/travel/five-places-to-eat-in-paris-with-food-critic-Franois-Regis-Gaudry.html"
"fba8bb8c-bf0f-41e9-8aa7-4ecdf41c0c62","health","What if Children Ran the School Lunchroom?","https://www.nytimes.com/2020/01/03/well/eat/School-cafeteria-lunch-children-health-foodcorps-sweetgreen.html"
"9b5ffbac-3771-41a0-b59c-a7b7748521b6","style","6 Must-Haves When Flying With a Cat or Dog","https://www.nytimes.com/2020/01/04/travel/flying-with-pets-gear.html"
"3334b1db-0496-4fdd-8a89-0cc8ff3922ea","technology","The Superpowers of Super-Thin Materials","https://www.nytimes.com/2020/01/07/science/physics-materials-electronics.html"
"a3b27fd0-eb0d-4f90-b6a1-a2da183fea0c","climate","Merkel’s New Year’s Speech Calls for Action on Climate and Tolerance","https://www.nytimes.com/2019/12/31/world/europe/merkel-new-year-climate.html"
"d042e053-224a-4f3d-b040-3d354ed615e6","health","These Patients Are Hard to Treat","https://www.nytimes.com/2020/01/08/health/camden-coalition-chronic-illness.html"
"1732e212-6521-4667-9de4-d3e65347a800","business","Peak TV Hits a New Peak, With 532 Scripted Shows","https://www.nytimes.com/2020/01/09/business/media/tv-shows-2020.html"
"1bce63f2-f3c4-4f9e-9491-45d1c4aaec02","world","Carlos Ghosn Defends His Legacy","https://www.nytimes.com/2020/01/08/business/carlos-ghosn-interview.html"
"a461adfe-65b2-4fbc-b7b1-6a6eee267a5a","business","Michael Bloomberg’s Jobs Plan Is Focused on Place Over Class","https://www.nytimes.com/2020/01/08/business/michael-bloomberg-jobs-plan.html"
"bba33c5a-6925-43b5-aab5-f2fe4232771f","world","Trump Backs Away From Further Military Conflict With Iran","https://www.nytimes.com/2020/01/08/world/middleeast/trump-speech.html"
"776bd92d-a62a-4a01-b66e-1821b4b95ebf","dining","The Meat-Lover’s Guide to Eating Less Meat","https://www.nytimes.com/2019/12/31/dining/flexitarian-eating-less-meat.html"
"73e20a12-bcf2-4f70-a841-874b23f13f60","science","Volcanoes on Venus Might Still be Smoking","https://www.nytimes.com/2020/01/09/science/venus-volcanoes-active.html"
"ec8fb634-2b66-4348-9e4b-88e7d47c1535","upshot","Chicago Coyote: Urban Attacks Are Rare, but Frightening","https://www.nytimes.com/2020/01/09/science/chicago-coyote-attacks.html"
"f1a5757a-b425-489d-9847-5bc7df5f4c02","style","The Plight of Being Born Second","https://www.nytimes.com/2020/01/09/style/second-child-problems.html"
"8cf5fb7b-2332-48f6-a08a-9b82cb014326","travel","Tourists Drowned at Pool in Spain Because They Couldn’t Swim, Police Say","https://www.nytimes.com/2019/12/27/world/europe/spain-pool-drownings.html"
"d90652c8-f2a0-4e70-bc98-b28e32acc91b","climate","Trump’s Move Against Landmark Environmental Law Caps a Relentless Agenda","https://www.nytimes.com/2020/01/09/climate/trump-nepa-environment.html"
"a920bbaa-81fe-43a3-82d0-3b485c35ba03","technology","What You Need to Know About 5G in 2020","https://www.nytimes.com/2020/01/08/technology/personaltech/5g-mobile-network.html"
"e2f08b4c-266c-49e2-a18b-7e501f3edebe","business","How 7-Eleven Struck Back Against an Owner Who Took a Day Off","https://www.nytimes.com/2020/01/06/business/7-eleven-japan.html"
"3336d5a0-3eff-40c3-8538-31334c58b3ac","business","Musicians’ Pension Plan Seeks to Cut Benefits","https://www.nytimes.com/2020/01/07/arts/music/musicians-union-pension.html"
"6c87e8f2-cb0a-4bbf-84eb-90a4af273eb9","world","Prince Harry’s Real Declaration of Independence: From Britain’s Tabloids","https://www.nytimes.com/2020/01/09/world/europe/prince-harry-meghan-markle.html"
"043240d9-3658-4a0e-b1ac-35456ad39707","arts","Publishers, Citing Diversity Concerns, Withdraw From Romance Conference","https://www.nytimes.com/2020/01/08/books/romance-writers-conference-publishers.html"
"85e7fdd1-dbc7-4af2-9953-4062e3cdb2aa","business","Under Pressure, Grubhub Changes Its Ordering System","https://www.nytimes.com/2020/01/09/business/grubhub-changes-ordering-system.html"
"b9f82f0d-9447-490d-a5de-1a52c0b6c385","politics","Competing for Sanders’s New Hampshire Voters: Yang and Gabbard","https://www.nytimes.com/2020/01/09/us/politics/bernie-sanders-andrew-yang-tulsi-gabbard.html"
"b69636b3-a885-45ba-ad12-b2910f72e2d4","education","After a Measles Scare, Seattle Cracks Down on Vaccine Compliance","https://www.nytimes.com/2020/01/08/us/measles-vaccination-washington.html"
"48ff24db-dd13-4773-af20-91966cbefe43","business","Fran Drescher Developing ‘The Nanny’ Musical for Broadway","https://www.nytimes.com/2020/01/08/theater/the-nanny-broadway-fran-drescher.html"
"ec1ac11e-f360-4f37-9306-8401d6e2d090","nyregion","Frederick Richmond, 96, Dies; Congressman Undone by Corruption","https://www.nytimes.com/2020/01/09/us/fred-richmond-dead.html"
"056b1a9a-d213-4f75-b301-47b10ae01e97","dining","A New Chapter for California Syrah","https://www.nytimes.com/2019/12/12/dining/drinks/wine-school-assignment-california-syrah.html"
"c2806f15-9b98-4bbc-b66a-13d131f63aac","sports","Tua Tagovailoa, Alabama’s Star Quarterback, Will Enter the N.F.L. Draft","https://www.nytimes.com/2020/01/06/sports/ncaafootball/tua-nfl-draft.html"
"f5e8a624-e0d2-4320-827a-0181b877d8dc","science","Older People Need Geriatricians. Where Will They Come From?","https://www.nytimes.com/2020/01/03/health/geriatricians-shortage.html"
"6977d00a-4730-4a69-814f-f33a4224fd08","style","Love Letter: A Divorced Couple Remarries","https://www.nytimes.com/2020/01/03/style/love-letter-a-divorced-couple-remarries.html"
"d1abafd4-4253-44cd-9dbb-0bfda9a8ca44","dining","In a Burger World, Can Sweetgreen Scale Up?","https://www.nytimes.com/2020/01/04/business/sweetgreen-salads.html"
"b4faa4bb-189a-4cd0-86e7-a80ef6c37689","us","Queens Woman Is Sentenced to 15 Years in Bomb Plot","https://www.nytimes.com/2020/01/09/nyregion/queens-woman-bomb-plot-sentencing.html"
"ef839a10-8a86-4773-af55-5c82040cfb04","world","Iranian Missile Accidentally Brought Down Ukrainian Jet, Officials Say","https://www.nytimes.com/2020/01/09/world/middleeast/iran-plane-crash-ukraine.html"
"ea8ca540-2d7a-445c-9771-b5eb3dae2f5c","arts","Review: Two Battle Diaries From Iraq","https://www.nytimes.com/2020/01/09/movies/peshmerga-battle-of-mosul-review.html"
"5be1b8c1-65d1-4ab0-be69-4e4b6a8c008c","world","Chinese Immigrant Evades Murder Verdict in Killing of Wealthy Relative in Canada","https://www.nytimes.com/2020/01/07/world/canada/vancouver-zhao-li-yuan-gang-murder.html"
"7170d072-6977-4cfd-9f42-2360a6c2f973","arts","Buck Henry, Who Helped Create ‘Get Smart’ and Adapt ‘The Graduate,’ Dies at 89","https://www.nytimes.com/2020/01/09/movies/buck-henry-dead.html"
"06781a4a-5f90-433f-a1c4-3a076f45387d","education","50 Reasons the Idea of Free College Is Misunderstood","https://www.nytimes.com/2019/12/20/upshot/50-reasons-free-college-misunderstood.html"
"e72a12d3-b1ae-4314-8798-9b1f6694dee9","arts","Anna Netrebko, Consider New Opera. Please.","https://www.nytimes.com/2020/01/09/arts/music/anna-netrebko-opera.html"
"854df316-469b-4bf0-bde4-2538fbf6354d","us","Frederick Richmond, 96, Dies; Congressman Undone by Corruption","https://www.nytimes.com/2020/01/09/us/fred-richmond-dead.html"
"0ce6b3dc-69e5-4f10-9422-342b5beee5e2","business","The Ukraine Plane Crash in Iran: Black Boxes and Other Questions","https://www.nytimes.com/2020/01/08/world/middleeast/boeing-plane-crash.html"
"ae3f35e5-4d23-469c-a22c-4dfd5413691e","science","The Superpowers of Super-Thin Materials","https://www.nytimes.com/2020/01/07/science/physics-materials-electronics.html"
"55910664-1fe7-40f5-b7b3-460959f76bb4","health","Cancer Death Rate in U.S. Sees Sharpest One-Year Drop","https://www.nytimes.com/2020/01/08/health/cancer-deaths-decline.html"
"495e7db9-f629-4641-bc3d-ce83d375f8c5","arts","Another Comics Surprise From Robert Kirkman","https://www.nytimes.com/2020/01/09/arts/robert-kirkman-fire-power-prelude.html"
"6c812ebe-e3a9-4741-9d98-1d733c742a03","climate","10 Electric Vehicles to Watch","https://www.nytimes.com/2020/01/01/business/future-electric-cars-2020.html"
"c5465ff9-4a89-41b7-b1ea-6028c8d4cdfd","education","Science, Splendor and ‘Dresden Green’ to Impress a Sovereign","https://www.nytimes.com/2019/12/19/arts/design/making-marvels-exhibition-metropolitan-museum.html"
"93464b2e-782d-47b6-961c-ec76a09dc7bb","style","Donate $10 to Australia, Get a Nude Photo","https://www.nytimes.com/2020/01/07/style/kaylen-ward-donations-australia-fires.html"
"3a26d5ca-1f01-4925-9767-8d38d2090973","climate","Koala Mittens and Baby Bottles: Saving Australia’s Animals After Fires","https://www.nytimes.com/2020/01/07/world/australia/animals-wildlife-fires.html"
"2bcdb73d-4955-4409-a014-183f2e5b4db8","business","Tucker Carlson Dissents as Right-Wing Media Weighs Trump’s Iran Strike","https://www.nytimes.com/2020/01/07/business/media/tucker-carlson-iran-trump-media.html"
"41185f2d-b4ff-4755-87d4-9069d2a2019d","dining","The New #TheStew","https://www.nytimes.com/2020/01/03/dining/the-new-thestew.html"
"fdf4d00c-f569-45fb-b806-49a0f1453162","climate","Some of Australia’s Smallest Species Could Be Lost to Wildfires","https://www.nytimes.com/2020/01/09/science/australia-fire-ecology-insects.html"
"f864c133-c73a-48e4-a58e-8e936d57943f","business","Steel Hub’s Comeback Preceded Trump, but He Benefits","https://www.nytimes.com/2020/01/09/business/economy/trump-pennsylvania-economy.html"
"0eb62245-cfc4-4d47-bd98-1bb224800237","travel","New Art Museum Adds to Sarasota’s Cultural Heritage","https://www.nytimes.com/2020/01/02/travel/sarasota-art-museum-ringling.html"
"5889881b-37d4-4fb6-a08c-a25d8699b191","technology","Lord of the Rings, 2020 and Stuffed Oreos: Read the Andrew Bosworth Memo","https://www.nytimes.com/2020/01/07/technology/facebook-andrew-bosworth-memo.html"
"ddb264f9-e305-4a44-ba72-4f4d12bd4f38","world","How Forced Labor in Eritrea Is Linked to E.U.-Funded Projects","https://www.nytimes.com/2020/01/08/world/europe/conscription-eritrea-eu.html"
"bea922a0-0225-48f5-a4a4-812efcaf8a2a","health","China Identifies New Virus Causing Pneumonialike Illness","https://www.nytimes.com/2020/01/08/health/china-pneumonia-outbreak-virus.html"
"79335d5d-f311-432a-96c0-690e90eda36c","arts","Trump Tweets ‘All Is Well,’ but Late Night Has Its Doubts","https://www.nytimes.com/2020/01/09/arts/television/late-night-trump-tweet-iran-seth-meyers.html"
"c4303a18-2e31-41f5-b1ef-47255953b4f4","arts","What to See Right Now in New York Art Galleries","https://www.nytimes.com/2020/01/09/arts/design/suzanne-jackson-mike-kelley.html"
"fdaa8e18-f761-479a-bd58-637867596893","dining","Letter of Recommendation: Ginger Gum","https://www.nytimes.com/2020/01/07/magazine/letter-of-recommendation-ginger-gum.html"
"7acd2fea-8abc-4b05-869a-14c4c410a638","climate","To Fight Climate Change, One City May Ban Heating Homes With Natural Gas","https://www.nytimes.com/2020/01/05/us/bellingham-natural-gas-ban.html"
"b3746242-2820-41a3-9754-915e5f703cc0","world","U.K. Lawmakers Give Brexit the Green Light","https://www.nytimes.com/2020/01/09/world/europe/brexit-boris-johnson-parliament-vote.html"
"2afb6f47-f1c0-4926-93c7-e7af2b097e36","dining","This Dutch Oven Has a Dutch Pedigree","https://www.nytimes.com/2020/01/06/dining/bk-dutch-oven.html"
"2e090d89-1216-4ca9-9a77-74cbf25240ee","education","He Vowed to Revitalize Italy’s Schools. After a Budget Loss, He’s Out.","https://www.nytimes.com/2019/12/25/world/europe/italy-education-minister-climate.html"
"c7a49e22-cff8-443f-b1c6-45d914b3fc3a","us","Around the Country in 17 Hours With Michael Bloomberg","https://www.nytimes.com/2020/01/09/us/politics/michael-bloomberg-2020-campaign.html"
"a7941c42-9660-4648-ba66-9aff3e7f732b","arts","PBS’s Sexy ‘Sanditon’ Finishes What Jane Austen Started","https://www.nytimes.com/2020/01/08/arts/television/sanditon-jane-austen-pbs.html"
"6c19df23-3201-4f88-9ae8-b216a28f394e","business","The Superpowers of Super-Thin Materials","https://www.nytimes.com/2020/01/07/science/physics-materials-electronics.html"
"b558d792-dd2f-4938-9a9f-6fa4d5fa3ec9","health","New Hope for Migraine Sufferers","https://www.nytimes.com/2020/01/06/well/live/new-hope-for-migraine-sufferers.html"
"4381cde7-b8fb-4cd0-8c04-3895e0c0d213","business","Japan Issues Arrest Warrant for Carlos Ghosn’s Wife","https://www.nytimes.com/2020/01/07/business/carlos-ghosn-escape.html"
"46f3ddd8-366d-47e2-a8f7-d4e6a573b79b","dining","Polish Pierogis, Savory and Sweet, at Pierozek in Greenpoint","https://www.nytimes.com/2020/01/09/dining/pierozek-review-polish-greenpoint.html"
"5ab226f9-43f3-4b92-bd91-f4040f438d7a","world","The Ukraine Plane Crash in Iran: Black Boxes and Other Questions","https://www.nytimes.com/2020/01/08/world/middleeast/boeing-plane-crash.html"
"c98aa22a-b50d-4d44-8931-608fd6d22de3","world","Evidence That Plane Was Shot Down in Iran May Upset U.S.-Canada Relations","https://www.nytimes.com/2020/01/09/world/canada/iran-plane-crash-ukraine.html"
"a2910dc8-ca19-4d69-b291-c4f124e971c7","sports","Tom Brady and the Patriots Have to Part Ways Someday. Is It Too Soon?","https://www.nytimes.com/2020/01/07/sports/football/tom-brady-new-england-patriots.html"
"2f50cb10-228b-4824-8e66-4c37e959d04b","health","Dried Fruit, Oats and Coffee: Answers to Your Sugar Questions","https://www.nytimes.com/2020/01/08/well/eat/diet-sugar-nutrition-foods-health.html"
"c9d75651-8572-46d5-8ea8-efccf6a87258","world","Prince Harry and Meghan to ‘Step Back’ From Royal Duties in Extraordinary Retreat","https://www.nytimes.com/2020/01/08/world/europe/prince-harry-meghan-markle-royal-family.html"
"f9a7e8f7-0f05-4960-b519-f099832560cb","health","Body Temperature 2.0: Do We Need to Rethink What’s Normal?","https://www.nytimes.com/2020/01/09/well/live/body-temperature-2-0-do-we-need-to-rethink-whats-normal.html"
"a58e5ec0-faff-4799-8f2e-26f843471494","sports","Pete Carroll Wants to Change Your Life","https://www.nytimes.com/2020/01/09/sports/football/seattle-seahawks-pete-carroll.html"
"5c7d7cb0-cccd-4b3a-a57e-32be7c86b1fc","business","Gibney Receives Grant to Transform Into a Repertory Company","https://www.nytimes.com/2020/01/08/arts/dance/gibney-grant.html"
"a85647cc-70ec-413f-bdec-d923ce9b49c7","world","Pompeo Upended Middle East by Pushing Trump to Kill Iranian General","https://www.nytimes.com/2020/01/07/world/middleeast/pompeo-trump.html"
"a3e24550-cd61-4745-b442-b13c6cdf5551","climate","‘Armageddon Is Here’: Australian Readers Share Their Wildfire Experiences","https://www.nytimes.com/2020/01/08/world/australia/fires-readers-escape.html"
"c52c2fd7-84ec-48f8-bf8e-3390510a3b18","technology","Headless Body in Cave Is Identified as 1916 Ax Murder Suspect","https://www.nytimes.com/2020/01/03/us/idaho-outlaw-remains-found.html"
"6ee0362e-408d-46d4-8aa8-ee2b1b96a1f8","education","Takeover at Princeton’s Quadrangle","https://www.nytimes.com/2019/12/12/style/FLI-princeton-quadrangle.html"
"a0f202b4-fc65-4423-9d8c-19be3da3b7bb","world","Iran Plane Crash Victims Came From at Least Seven Countries","https://www.nytimes.com/2020/01/08/world/canada/iran-plane-crash-victims.html"
"3b2d5e28-91f2-43bc-861f-bdd200b0b69f","health","The Flu Season May Yet Turn Ugly, C.D.C. Warns","https://www.nytimes.com/2020/01/08/health/flu-season-severity.html"
"99235bc9-c256-4d6d-858e-714f7db8a5c5","climate","Marine Labs on the Water’s Edge Are Threatened by Climate Change","https://www.nytimes.com/2020/01/07/climate/climate-change-marine-science.html"
"ced5ec28-0abe-44b9-80ba-497db9f054eb","climate","‘Earth’ Review: Humanity Is Digging Its Own Grave","https://www.nytimes.com/2020/01/08/movies/earth-review.html"
"47b46055-9396-4da0-964c-e4978631deeb","arts","Review: James McAvoy’s Rapping Cyrano Dazzles With Words","https://www.nytimes.com/2020/01/08/theater/cyrano-london-review.html"
"7807e586-6c7c-46ba-bc07-bdb5b8eb74f7","education","Overlooked No More: Margaret McFarland, Mentor to Mister Rogers","https://www.nytimes.com/2020/01/08/obituaries/margaret-mcfarland-overlooked.html"
"04362c3a-d9e7-4ccf-af96-931b15854bb7","arts","The Surprising History of McDonald’s and the Civil Rights Movement","https://www.nytimes.com/2020/01/08/books/review-franchise-golden-arches-black-america-marcia-chatelain.html"
"6d204737-bd75-4634-bc2f-c03adf050475","us","‘A Blood Bath’: 5 Dead as Gang Violence Rocks Mississippi Prisons","https://www.nytimes.com/2020/01/09/us/mississippi-prisons.html"
"b1fa5356-8ede-4c50-861f-3f465b44be46","science","These Patients Are Hard to Treat","https://www.nytimes.com/2020/01/08/health/camden-coalition-chronic-illness.html"
"d79ab163-e368-4405-b78b-382305fd2a8f","science","Just a Fainting Spell? Or Is Betelgeuse About to Blow?","https://www.nytimes.com/2020/01/09/science/astronomy-supernova-betelgeuse.html"
"15fb753a-b746-429b-ad8b-1effae895e7c","us","Donald Trump, British Royal Family, Cuttlefish: Your Thursday Briefing","https://www.nytimes.com/2020/01/09/briefing/donald-trump-british-royal-family-cuttlefish.html"
"012b8819-0e4e-4cb3-8bed-15a9d9d1e864","world","U.S. and Iran Conflict: Live Updates","https://www.nytimes.com/2020/01/08/world/middleeast/iran-us-missile-attacks.html"
"d685d651-31ab-42ba-9150-158f5a175241","business","China Identifies New Virus Causing Pneumonialike Illness","https://www.nytimes.com/2020/01/08/health/china-pneumonia-outbreak-virus.html"
"dff31da2-8f3b-4415-962e-7282480b9c02","education","New Kind of Student Loan Gains Major Support. Is There a Downside?","https://www.nytimes.com/2019/12/16/upshot/student-loan-debt-devos.html"
"a4d181fb-d396-4e59-a13a-c97a21a8d9fe","world","In Niger, 25 Soldiers Killed in Suspected Militant Attack","https://www.nytimes.com/2020/01/09/world/africa/niger-soldiers-killed.html"
"b92b7636-0f54-4ca8-8a1f-a4d48a8927ae","upshot","It Looks Like Health Insurance, but It’s Not. ‘Just Trust God,’ Buyers Are Told.","https://www.nytimes.com/2020/01/02/health/christian-health-care-insurance.html"
"14c412b5-2c90-4c55-8438-971bb4cc7c85","arts","This Mortal Clay","https://www.nytimes.com/2020/01/09/arts/dance/faye-driscoll-space.html"
"7a9d73be-4d3b-4df3-bb9e-bff868794346","us","House Votes to Restrain Trump’s Iran War Powers","https://www.nytimes.com/2020/01/09/us/politics/trump-iran-war-powers.html"
"6888948a-12e7-4488-8d89-2a6c9dccf1a7","world","And You Thought Brexit Was Tough …","https://www.nytimes.com/2020/01/08/world/europe/brexit-united-kingdom.html"
"2b791ad6-9986-4519-97cd-9284a3ebefa1","style","Real Men Don’t Rent","https://www.nytimes.com/2020/01/08/style/men-rent-rental-clothing.html"
"0cd239c2-afda-4d63-84aa-cc2f3040f74f","politics","Bolton Is Willing to Testify in Trump Impeachment Trial, Raising Pressure for Witnesses","https://www.nytimes.com/2020/01/06/us/politics/bolton-testify-impeachment-trial.html"
"30dc7442-454f-481b-9a42-2ee36c18397d","us","Edd Byrnes, Who Combed His Way to TV Stardom, Dies at 86","https://www.nytimes.com/2020/01/09/arts/television/edd-byrnes-dead.html"
"4e5c8cc6-5ffb-4bcf-b806-e51c9f1e1e4f","politics","Impeachment Briefing: One Step Closer","https://www.nytimes.com/2020/01/09/us/politics/impeachment-briefing-one-step-closer.html"
"5f6658f4-f6e4-441f-9ae4-da0a8fe11ca6","arts","‘The Sonata’ Review: A Little Fright Music","https://www.nytimes.com/2020/01/09/movies/the-sonata-review.html"
"60488c88-5195-401f-8c78-b76f7f1a446e","climate","One Thing You Can Do: Help to Preserve Forests","https://www.nytimes.com/2020/01/08/climate/nyt-climate-newsletter-forests.html"
"b8118608-57d9-4d0a-9d5e-a40d14440f5f","sports","George Perles Dies at 86; Coach Revived Michigan State Football","https://www.nytimes.com/2020/01/08/sports/ncaafootball/george-perles-dead.html"
"d79d2d90-a445-4896-8a56-411b02d0ca55","arts","Romance Writers of America Leadership Resigns","https://www.nytimes.com/2020/01/09/books/damon-suede-resigns-romance-writers-america.html"
"3de0411e-b3d6-4f12-84b4-b9eb025d566f","us","Army Denies Request by Soldier Pardoned by Trump, Setting Up Showdown","https://www.nytimes.com/2020/01/09/us/mathew-golsteyn-army-war-crime.html"
"e596e98f-fef1-47a5-a050-d1d75bd2db5f","health","In Appalachia, Crafting a Road to Recovery With Dulcimer Strings","https://www.nytimes.com/2020/01/03/arts/design/kentucky-opioid-recovery-luthiery.html"
"c6cfebc1-55b5-4939-92e3-30567110b6cd","health","Johnson & Johnson Sued Over Baby Powder by New Mexico","https://www.nytimes.com/2020/01/03/business/johnson-johnson-baby-powder-new-mexico-suit.html"
"83287d85-f020-462b-aede-d74c2260dce9","science","Chicago Coyote: Urban Attacks Are Rare, but Frightening","https://www.nytimes.com/2020/01/09/science/chicago-coyote-attacks.html"
"7781b7da-2418-4436-b379-c768cb5d8733","science","Headless Body in Cave Is Identified as 1916 Ax Murder Suspect","https://www.nytimes.com/2020/01/03/us/idaho-outlaw-remains-found.html"
"6b49afba-e2a1-45f8-8cb8-4486f905ccc1","world","Missile Strike Damage Appears Limited, but Iran May Not Be Done","https://www.nytimes.com/2020/01/08/world/middleeast/iraq-iran-missiles.html"
"22adc395-53ba-4d96-9e2c-9a9341f043d6","sports","The College Football National Championship Game Is When? How the Wait Widened","https://www.nytimes.com/2020/01/07/sports/ncaafootball/when-is-the-national-championship-game.html"
"9c78ff52-2124-4545-a8f5-9858eb000f16","dining","A January Dinner Party That Doesn’t Deprive","https://www.nytimes.com/2020/01/03/dining/dinner-party-menu-david-tanis.html"
"63b4c3ba-cc8e-402c-b21d-887c2987fb46","world","For Prince Harry and His Wife, Meghan, a Tricky Balancing Act","https://www.nytimes.com/2020/01/08/world/europe/meghan-harry-united-kingdom.html"
"0bca2935-f5f9-469e-b2cb-0a766519cb32","technology","Don’t Tilt Scales Against Trump, Facebook Executive Warns","https://www.nytimes.com/2020/01/07/technology/facebook-trump-2020.html"
"4b2105e4-aa4d-43e3-9e1a-27c89d861bbf","health","How ‘Muscle Confusion’ Might Help Your Workouts","https://www.nytimes.com/2020/01/08/well/move/muscle-confusion-exercise-workouts-fitness.html"
"50dfabef-54b3-4f7b-8613-b37e5fd6ceae","arts","A Polish Museum Turns to the Right, and Artists Turn Away","https://www.nytimes.com/2020/01/08/arts/design/poland-conservative-art.html"
"563cf885-7f94-4079-aca1-7e66ac38280d","business","Pier 1 Imports to Close Up to 450 Stores and Cut Jobs","https://www.nytimes.com/2020/01/06/business/pier-1-imports-stores-closing.html"
"42f59bf8-e1cc-4832-b395-114bb01fea2f","politics","Trump Claims Iranians Were Plotting to Blow Up American Embassy","https://www.nytimes.com/2020/01/09/us/politics/suleimani-embassy.html"
"bf98f29b-e20a-46fb-9f58-bfd67207a022","science","Syd Mead, 86, Maker of Future Worlds in ‘Blade Runner’ and More, Dies","https://www.nytimes.com/2020/01/03/arts/design/syd-mead-dead.html"
"1272f638-b973-4ad6-91bd-345adeb99a6e","politics","Tom Steyer Makes Democratic Debate With Two Surprising Polls","https://www.nytimes.com/2020/01/09/us/politics/tom-steyer-democratic-debate.html"
"3e619898-9f48-4549-88bc-0057cc649fa9","style","This Golden Globes Red Carpet Was Not Harvey Weinstein’s Red Carpet","https://www.nytimes.com/2020/01/06/style/golden-globes-2020-red-carpet-fashion-review-harvey-weinstein.html"
"2dcb46ba-30c2-4f65-9fd6-d9674f824727","dining","Time to Cook","https://www.nytimes.com/2020/01/06/dining/time-to-cook.html"
"53287e0b-2dec-4bd8-8516-7c8fa35c7578","us","Bernie Sanders and Elizabeth Warren Jointly Urge Against War With Iran","https://www.nytimes.com/2020/01/08/us/politics/bernie-sanders-elizabeth-warren-iran.html"
"9ad3da9d-3fe9-467f-9ce9-73b4b5ac4bdc","travel","What You Need to Know About Traveling to Australia During This Fire Season","https://www.nytimes.com/2020/01/06/travel/australia-fires-travel-questions.html"
"a3dbffa9-f83d-4943-bdd0-ee620c573ed3","climate","Why the Fires in Australia Are So Bad","https://www.nytimes.com/2020/01/01/world/australia/fires.html"
"4bfb6d26-5ba4-403b-9ba5-bbc76603b276","style","Brioni Girds for Men’s Wear Combat","https://www.nytimes.com/2020/01/08/fashion/brioni-kering-pitti-uomo-fall-2020-mens-wear.html"
"d80aaa39-0a1f-4b47-a2a2-be30bca26790","style","Going Rogue: Prince Harry and Meghan Caught the Palace Off Guard","https://www.nytimes.com/2020/01/09/world/europe/duchess-sussex-prince.html"
"9ed3a45e-124b-4bbd-b838-2c6739188cff","arts","15 Plays and Musicals to Go to in N.Y.C. This Weekend","https://www.nytimes.com/2020/01/09/theater/nyc-this-weekend-theater.html"
"34f0cecd-c18e-40d0-bd0a-6df042acf7c5","dining","A Sprawling Space for Cocktails and Bar Fare in Midtown Manhattan","https://www.nytimes.com/2020/01/07/dining/nyc-restaurant-news.html"
"d019cf73-7b1f-4b78-848c-053cdf146396","science","Peter Kirstein, Father of the European Internet, Is Dead at 86","https://www.nytimes.com/2020/01/08/technology/peter-kirstein-dead.html"
"087f55fc-5115-439b-855e-51238b3ce8d7","world","China Looms Over Taiwan’s Election, Giving a Boost to the Incumbent","https://www.nytimes.com/2020/01/08/world/asia/china-taiwan-hong-kong-protests.html"
"e13d237d-ba72-4044-89bc-df00d1ac374a","dining","At Dulceria, Chilean Cookies and Other Delights","https://www.nytimes.com/2020/01/06/dining/dulceria-nyc-alfajores.html"
"0ae5c9f2-8c9d-4ffe-9f24-7b6fcb4cdad4","arts","Edd Byrnes, Who Combed His Way to TV Stardom, Dies at 86","https://www.nytimes.com/2020/01/09/arts/television/edd-byrnes-dead.html"
"16b6448d-a463-4c08-8938-3d4c2e1b697a","climate","E.P.A. Aims to Reduce Truck Pollution, and Avert Tougher State Controls","https://www.nytimes.com/2020/01/06/climate/trump-truck-pollution.html"
"54e3c598-27d5-43bd-b23d-251d957dfc3d","nyregion","Queens Woman Is Sentenced to 15 Years in Bomb Plot","https://www.nytimes.com/2020/01/09/nyregion/queens-woman-bomb-plot-sentencing.html"
"c3597881-0427-48f7-8f71-80565a9dc533","health","How Cassius Winston Greets His Late Brother Before Every Michigan State Game","https://www.nytimes.com/2020/01/07/sports/cassius-winston-brother-suicide.html"
"963a3bac-69da-47c9-a7f9-b1dab07534ac","science","This Robot’s Journey to an Icy Alien Moon Starts Beneath Antarctica","https://www.nytimes.com/2020/01/05/science/europa-rover-antarctica.html"
"01e2bad5-dc96-4667-b9ac-9259eb46625e","dining","A Single Pot Irish Whiskey Comes to America","https://www.nytimes.com/2020/01/06/dining/teeling-whiskey.html"
"e9e5ddf6-100f-49d3-ab21-15f7ed1f9ffc","politics","Twin Court Rulings Buoy Construction of Trump’s Border Wall","https://www.nytimes.com/2020/01/09/us/politics/trump-border-wall.html"
"49e8b9ba-664d-45be-873c-da9e6d411de0","science","Parrots Show Off Selfless Behavior","https://www.nytimes.com/2020/01/09/science/parrots-selflessness-help.html"
"04601fbc-27b0-440d-b778-3ca1a6a25227","style","‘Once Upon a Time … in Hollywood’ and ‘1917’ Win Top Awards at Golden Globes","https://www.nytimes.com/2020/01/05/movies/golden-globes.html"
"28f626d9-d4ef-416c-9e87-fa0740d8d12f","technology","Awash in Disinformation Before Vote, Taiwan Points Finger at China","https://www.nytimes.com/2020/01/06/technology/taiwan-election-china-disinformation.html"
"c9f8b8d4-0f9b-4ef6-9a31-b84dae46c11f","world","Iran, Boeing 737, Carlos Ghosn: Your Wednesday Briefing","https://www.nytimes.com/2020/01/08/briefing/iran-boeing-737-carlos-ghosn.html"
"90be9e7a-e112-4649-97df-8506e060767a","business","Pete Carroll Wants to Change Your Life","https://www.nytimes.com/2020/01/09/sports/football/seattle-seahawks-pete-carroll.html"
"052922c2-3278-40f0-a694-06e3699837d4","arts","16 Art Exhibitions to View in N.Y.C. This Weekend","https://www.nytimes.com/2020/01/09/arts/design/nyc-this-weekend-art-and-museums.html"
"de6725f6-385f-48df-b0bb-5a4a8c41c37d","politics","Iran Offers Mixed Message After Backing Away From Conflict with U.S.","https://www.nytimes.com/2020/01/09/world/middleeast/us-iran-war.html"
"813d98ef-6107-4d8a-905d-22aaf585879d","health","What if a Vaping Tax Encouraged Cigarette Smoking?","https://www.nytimes.com/2020/01/06/upshot/vaping-tax-effect-smoking.html"
"22a2751c-c048-4af4-9aec-bf27b9e7a0ae","arts","This Festival Could Alter Your Sense of Film History","https://www.nytimes.com/2020/01/08/movies/moma-film-festival.html"
"ae10dcc6-dfa8-494f-a8ed-7bc4059e7001","travel","What I Learned in Avalanche School","https://www.nytimes.com/2019/12/31/magazine/avalanche-school-heidi-julavits.html"
"b40756d6-b6e6-41c1-b7e8-e20f1fe1affc","world","Bernie Sanders and Elizabeth Warren Jointly Urge Against War With Iran","https://www.nytimes.com/2020/01/08/us/politics/bernie-sanders-elizabeth-warren-iran.html"
"2a0f42ec-3b5e-470a-a232-b279fa79b732","style","The Balancing Act","https://www.nytimes.com/2020/01/09/business/how-much-debt-do-i-have.html"
"5885690d-4a5d-4d39-bce3-894d5c8376e6","world","Iran, Boeing, Carlos Ghosn: Your Wednesday Briefing","https://www.nytimes.com/2020/01/08/briefing/iran-boeing-carlos-ghosn.html"
"16408b16-d2ff-4219-9f91-2a6a4549f7e2","business","Current Job: Award-Winning Chef. Education: University of IHOP.","https://www.nytimes.com/2020/01/07/dining/chef-chain-restaurant.html"
"3d6e6ac8-98fe-4903-8436-58fa68fe9cdd","business","Little Clarity, Many Theories in Ukraine Airline Crash in Iran","https://www.nytimes.com/2020/01/07/world/middleeast/iran-plane-crash-boeing-ukraine.html"
"44027bc6-6630-45b0-aeb4-d107f6923aaa","business","Where’s Your Flying Car? Hyundai and Uber Say They’re Working on It","https://www.nytimes.com/2020/01/07/business/hyundai-uber-flying-car.html"
"9bc5f570-f535-402e-97ad-e8a106bfbac9","world","Iran, Ukrainian Airline Crash, Carlos Ghosn: Your Thursday Briefing","https://www.nytimes.com/2020/01/08/briefing/iran-ukrainian-airlines-crash-royal-family.html"
"4e901db6-da7e-4d64-b40c-18e538c9452b","arts","‘Afterward’ Review: Asking for Opinions of Jews and Israel","https://www.nytimes.com/2020/01/09/movies/afterward-review.html"
"6d345e54-c711-493f-8bc4-50395956bbd9","climate","In Protesting Climate Change, Jane Fonda Brings Hollywood to Washington","https://www.nytimes.com/2019/12/28/us/politics/jane-fonda-lily-tomlin-protest.html"
"02469600-ae4e-4810-90b7-1b553206d257","world","How Rupert Murdoch Is Influencing Australia’s Bushfire Debate","https://www.nytimes.com/2020/01/08/world/australia/fires-murdoch-disinformation.html"
"0392b288-c996-4b67-b58d-2b6892f63465","arts","3 Film Series to Catch in N.Y.C. This Weekend","https://www.nytimes.com/2020/01/09/movies/nyc-this-weekend-film-series.html"
"78143ab4-d1bc-4599-b0eb-df221b4975ee","science","Where Eagle Feathers Fall Like Snow","https://www.nytimes.com/2020/01/06/science/lebanon-birds-hunting-conservation.html"
"5137eb13-8d06-4614-8242-3d1f65753bfd","upshot","A.I. Is Learning to Read Mammograms","https://www.nytimes.com/2020/01/01/health/breast-cancer-mammogram-artificial-intelligence.html"
"bf619af0-a8c8-4f84-91aa-612f95381950","style","The Leopard Pony Coat Chronicles","https://www.nytimes.com/2020/01/07/style/mens-wear-fashion-the-beauty-myth-is-not-a-myth.html"
"796d4a66-ffee-41a7-9ac5-0b2b06eec54e","science","Quadrantids Meteor Shower 2020: Watch It Peak in Night Skies","https://www.nytimes.com/2020/01/03/science/quadrantids-meteor-shower-2020.html"
"1541788e-6ded-4ff5-b5c8-677236487cde","business","U.S. and France Race to Conclude Digital Tax Talks as Tariff Threat Looms","https://www.nytimes.com/2020/01/07/business/economy/us-france-digital-tax.html"
"52fec58c-3a8a-4ed6-a70b-288eb87fe34c","science","The Coolest Architecture on Earth Is in Antarctica","https://www.nytimes.com/2020/01/06/science/antarctica-architecture.html"
"2ece26f9-5bab-4423-ae84-8df36e387c72","arts","7 Things to Do With Your Kids in N.Y.C. This Weekend","https://www.nytimes.com/2020/01/09/arts/nyc-this-weekend-childrens-events.html"
"cdf2176c-83a9-4f85-adb0-2ccc8146753d","sports","Dallas Cowboys, After a Long Divorce, Commit to Mike McCarthy as Coach","https://www.nytimes.com/2020/01/06/sports/football/mike-mccarthy-jerry-jones-cowboys.html"
"72994cbc-a69b-4b4d-b331-7ef72812e99a","business","Japan Takes Aim at Carlos Ghosn’s Wife","https://www.nytimes.com/2020/01/07/business/dealbook/japan-carlos-ghosn-wife.html"
"350835f2-5f3c-4b43-ac5c-1830b71cb07a","climate","Greeting the New Year in Earth’s Northernmost Settlement","https://www.nytimes.com/2019/12/30/travel/svalbard-norway-northern-lights.html"
"97538dd9-5464-4bb3-a301-4c8aa9b7e7f2","world","Trump’s Iran Strategy: A Cease-Fire Wrapped in a Strategic Muddle","https://www.nytimes.com/2020/01/08/world/middleeast/trump-iran-nuclear-sanctions.html"
"e3216dab-6095-41c0-8161-bb25fd80e7f0","science","The Gene Drive Dilemma: We Can Alter Entire Species, but Should We?","https://www.nytimes.com/2020/01/08/magazine/gene-drive-mosquitoes.html"
"b39c5e92-4e0c-4e46-874a-75af20afb5be","business","Iranian Missile Accidentally Brought Down Ukrainian Jet, Officials Say","https://www.nytimes.com/2020/01/09/world/middleeast/iran-plane-crash-ukraine.html"
"17fcadde-bf92-4000-afad-e9845fd7c7de","technology","Tesla Reports Record Output as Elon Musk Achieves Goal","https://www.nytimes.com/2020/01/03/business/tesla-sales.html"
"185c5493-e6d3-430a-b30e-f6ab79ae012d","science","Cancer Death Rate in U.S. Sees Sharpest One-Year Drop","https://www.nytimes.com/2020/01/08/health/cancer-deaths-decline.html"
"e643a756-068c-42d0-9994-8251c5e8bbe6","upshot","How Serious Is Tom Steyer’s Polling Surge?","https://www.nytimes.com/2020/01/09/upshot/Tom-Steyer-polling-surprise.html"
"300c4dd9-afbc-462d-b052-e6fb83120054","politics","Steel Hub’s Comeback Preceded Trump, but He Benefits","https://www.nytimes.com/2020/01/09/business/economy/trump-pennsylvania-economy.html"
"d4a2ca06-14bf-47f3-b028-2af125a8d648","business","To Guide the Labor Movement’s Future, She Looks to Its Past","https://www.nytimes.com/2020/01/09/business/sara-horowitz-trupo-corner-office.html"
"2d4c12cb-cbb0-4dd8-a96f-8d3200fb067d","world","Do You Have Living Relatives Who Lived Through World War II? Help Us Tell Their Story","https://www.nytimes.com/2020/01/07/magazine/world-war-ii-living-relative.html"
"66cc332b-29af-4e43-a0c8-c60f86d5aae1","world","Libya Rebels Capture Key Coastal City in Threat to U.N.-Backed Government","https://www.nytimes.com/2020/01/07/world/middleeast/libya-hifter-surt-rebels.html"
"738576fd-7e28-44d7-b1b7-88681c97257c","upshot","New Injection Method Makes an Old TB Vaccine Far More Powerful","https://www.nytimes.com/2020/01/01/health/tuberculosis-vaccine.html"
"bf7c841c-f061-469e-ad41-b4320d271fdd","politics","Weary Veterans Exemplify a Nation Reluctant for War With Iran","https://www.nytimes.com/2020/01/09/us/politics/veterans-trump-iran.html"
"ed833305-b7a4-4d4e-94a5-6ab70bfe1e24","nyregion","New Subway Cars Arrived. Then They Malfunctioned.","https://www.nytimes.com/2020/01/09/nyregion/subway-cars-nyc.html"
"9b730992-42bf-48b4-8832-4de31b5a27e4","us","Trump Claims Iranians Were Plotting to Blow Up American Embassy","https://www.nytimes.com/2020/01/09/us/politics/suleimani-embassy.html"
"935347d1-7e17-4115-8c30-7545116435ef","us","Ohio Man Who Claimed to Be Missing Boy Pleads Guilty to Identity Theft","https://www.nytimes.com/2020/01/08/us/brian-rini-timmothy-pitzen-guilty.html"
"4bdcd34c-d12c-4877-a170-64c75d3573e0","nyregion","Homes for Sale in Brooklyn, Queens and Manhattan","https://www.nytimes.com/2020/01/09/realestate/homes-for-sale-in-brooklyn-queens-and-manhattan.html"
"54f54bb8-41db-4e1e-b87a-3cef276d83af","dining","A Perfect Cheese for Raclette","https://www.nytimes.com/2020/01/06/dining/levitaz-cheese-eli-zabar.html"
"03414c26-f0a0-407d-93a8-5165c818ec53","world","Iran, Ukrainian Airline Crash, Taiwan Elections: Your Friday Briefing","https://www.nytimes.com/2020/01/09/briefing/iran-ukraine-crash-taiwan-elections.html"
"8700b64a-c487-4847-847c-7d9b1edcd068","us","Overtaken by Frigid Seas, Hours From Help, There Was Little Chance of Survival","https://www.nytimes.com/2020/01/09/us/alaska-fishing-boat-sank-scandies-rose-coast-guard.html"
"383241f0-0dcf-435d-8ab2-ab9f179236b2","science","Golf Club for the 1 Percent Wants to Seize a Migratory Bird Habitat","https://www.nytimes.com/2020/01/09/nyregion/liberty-state-park-golf-course.html"
"a60774bc-867b-4631-9602-5116b5f38f46","dining","What to Cook This Weekend","https://www.nytimes.com/2020/01/03/dining/what-to-cook-this-weekend.html"
"fc45e535-dde3-4f25-824d-27afbf5de6d5","business","Lebanon Orders Carlos Ghosn to Stay Put","https://www.nytimes.com/2020/01/09/business/carlos-ghosn-lebanon-judge.html"
"8386fae8-3e9f-4162-9008-4118bc30dffc","education","He Was Accused of Enabling Abuse. Then Came a Downward Spiral.","https://www.nytimes.com/2020/01/04/us/dartmouth-lawsuit-bucci.html"
"0e99ca64-73e5-4c67-a016-e1642bead616","sports","Olympic Protest Rules: Tweets Are Fine, Kneeling Is Not","https://www.nytimes.com/2020/01/09/sports/olympics/olympics-protests-politics.html"
"55f85473-8e7a-40ab-9b35-cc93f7c91a66","arts","4 Comedy Shows to Catch in N.Y.C. This Weekend","https://www.nytimes.com/2020/01/09/arts/nyc-this-weekend-comedy.html"
"6cdad5ce-1a0b-4041-84c1-aa5b7e810a1b","style","Who’s Hosting the Oscars This Year? No One","https://www.nytimes.com/2020/01/09/movies/oscars-no-host.html"
"8fc10704-90f1-46d9-b851-87f583c7b2e1","arts","Harvey Weinstein Says His Judge Is Biased. His Judge Disagrees.","https://www.nytimes.com/2020/01/09/nyregion/harvey-weinstein-trial.html"
"2fdda91d-8085-4382-8fcb-b17b0f51abde","arts","Smithsonian to Bring American History to Life in Graphic Books","https://www.nytimes.com/2020/01/08/arts/smithsonian-graphic-books-idw.html"
"62d98b82-6d11-4914-ae07-c336a45f0af7","world","‘Targeted’ Shooting in Ottawa Leaves One Dead and at Least 3 Injured, Police Say","https://www.nytimes.com/2020/01/08/world/canada/ottawa-shooting.html"
"7b64297d-df13-46e2-89fd-8f66833144b0","technology","4 Things to Know About YouTube’s New Children Privacy Practices","https://www.nytimes.com/2020/01/06/technology/youtube-children-privacy.html"
"d1bedc8b-94e4-4894-b291-167adce5a995","politics","Anticipation Building, Pelosi Says She Will Send Impeachment Articles ‘Soon’","https://www.nytimes.com/2020/01/09/us/politics/impeachment-articles.html"
"defd068a-067b-47be-8d53-0d0a74e598c4","science","A.I. Comes to the Operating Room","https://www.nytimes.com/2020/01/06/health/artificial-intelligence-brain-cancer.html"
"082bfb9a-ad6a-45b5-ac3e-9df2c366b41a","upshot","Pay Is Rising Fastest for Low Earners. One Reason? Minimum Wages.","https://www.nytimes.com/2020/01/03/upshot/minimum-wage-boost-bottom-earners.html"
"bee8ce70-d3a3-43a3-bfa8-ffde9a2859d8","travel","In a Year of Perpetual Motion, Moments That Stopped Time","https://www.nytimes.com/2020/01/06/travel/52places-recap.html"
"dde0792d-97f9-49d3-a283-6afebe470fc6","travel","Trove of New Bird Species Found on Remote Indonesian Islands","https://www.nytimes.com/2020/01/09/science/birds-new-species-indonesia.html"
"9767f9c8-54fd-4302-8a79-3ab39818dd0f","us","Tom Steyer Makes Democratic Debate With Two Surprising Polls","https://www.nytimes.com/2020/01/09/us/politics/tom-steyer-democratic-debate.html"
"d4972491-ff57-4a42-bc6d-295d3e68e68a","business","Fed Charts a New Path as Regulators Revisit Bank Rules for Poor Communities","https://www.nytimes.com/2020/01/08/business/economy/fed-banks-poor-communities.html"
"61c20fbb-4f03-4561-a372-4ea08e7702c9","dining","Where Avocado Toast Shares a Menu With Yemeni Favorites","https://www.nytimes.com/2020/01/02/dining/yafa-cafe-review-sunset-park.html"
"a1410106-c8ba-4f56-ad1c-da5767397b72","climate","Science Panel Staffed With Trump Appointees Says E.P.A. Rollbacks Lack Scientific Rigor","https://www.nytimes.com/2019/12/31/climate/epa-science-panel-trump.html"
"0054fa50-9e0a-4720-8afe-919efed3d819","technology","Peter Kirstein, Father of the European Internet, Is Dead at 86","https://www.nytimes.com/2020/01/08/technology/peter-kirstein-dead.html"
"8949640d-3af0-4647-a1fb-fcf2d574cd29","world","Venezuela’s National Assembly Opens for Business: Scuffles, Tear Gas and Doused Lights","https://www.nytimes.com/2020/01/07/world/americas/venezuela-national-assembly-juan-guaido.html"
"f8d652bd-2c73-4d06-8dee-35b3418f7188","us","Kushner’s Global Role Shrinks as He Tackles Another: The 2020 Election","https://www.nytimes.com/2020/01/09/us/politics/jared-kushner-trump-campaign.html"
"95766e46-bac1-487c-a934-d128970ecd23","politics","Kushner’s Global Role Shrinks as He Tackles Another: The 2020 Election","https://www.nytimes.com/2020/01/09/us/politics/jared-kushner-trump-campaign.html"
"b7501d4d-405c-423d-8972-448021e09614","business","‘Sing Street’ to Bring Irish Romance and ’80s Sounds to Broadway","https://www.nytimes.com/2020/01/08/theater/sing-street-broadway.html"
"f9238a31-6e50-4725-98c0-b226059e5bdf","travel","6 Must-Haves When Flying With a Cat or Dog","https://www.nytimes.com/2020/01/04/travel/flying-with-pets-gear.html"
"ef276d01-59bf-4d46-8cf1-4a337dc5b9e8","health","After a Measles Scare, Seattle Cracks Down on Vaccine Compliance","https://www.nytimes.com/2020/01/08/us/measles-vaccination-washington.html"
"32236015-ba39-49a2-b43e-3a4ce243389c","upshot","Why Your State Is Growing or Stalling or Shrinking","https://www.nytimes.com/2020/01/09/upshot/american-population-slowdown.html"
"773f1e01-0311-415f-834b-42a30c17305f","world","The U.S., Iran and a No-Win Game","https://www.nytimes.com/2020/01/09/world/middleeast/us-iran-conflict.html"
"62b17d73-8a26-414f-8f7c-d05f690cda91","arts","Garth Greenwell Comes Clean","https://www.nytimes.com/2020/01/09/books/garth-greenwell-cleanness.html"
"c69b5af0-747a-4f87-bb92-5a05020093b0","sports","The N.B.A. Elite Are Now From Everywhere","https://www.nytimes.com/2020/01/08/sports/basketball/nba-stars-international-giannis-luka.html"
"fca15627-d0e7-49f4-8ea7-99833604fff1","dining","You Don’t Need a Recipe, Part XVII","https://www.nytimes.com/2020/01/08/dining/you-dont-need-a-recipe-part-xvii.html"
"ac501032-e38e-4f98-a315-b4f7f065d0fb","us","Weary Veterans Exemplify a Nation Reluctant for War With Iran","https://www.nytimes.com/2020/01/09/us/politics/veterans-trump-iran.html"
"c41f438e-c054-4002-a1b9-dc795f4e53c3","arts","‘Earth’ Review: Humanity Is Digging Its Own Grave","https://www.nytimes.com/2020/01/08/movies/earth-review.html"
"8917ed13-dd16-4311-bcc7-4e26bb7b7c40","arts","12 Pop, Rock and Jazz Concerts to Check Out in N.Y.C. This Weekend","https://www.nytimes.com/2020/01/09/arts/music/concerts-new-york.html"
"d1c79e7b-605e-4bf6-9794-d23e3814ff85","world","A One-Word Accusation Swirls Around Trump’s Deadly Strike: Assassination","https://www.nytimes.com/2020/01/07/world/middleeast/iran-soleimani-assassination.html"
"44c3cac5-9f09-4d34-9829-a0c89a273563","world","Some NATO Troops Begin Leaving Iraq","https://www.nytimes.com/2020/01/07/world/middleeast/nato-troops-iraq.html"
"a664ab6d-b087-4956-aef9-1a93bbbf0063","climate","Trump Rule Would Exclude Climate Change in Infrastructure Planning","https://www.nytimes.com/2020/01/03/climate/trump-nepa-climate-change.html"
"b955cf7a-d529-4d7e-8b4f-65f36ee995ee","us","Chicago Coyote: Urban Attacks Are Rare, but Frightening","https://www.nytimes.com/2020/01/09/science/chicago-coyote-attacks.html"
"d4817adf-6050-46dc-b2ed-77cc668069aa","technology","Hype House and the Los Angeles TikTok Mansion Gold Rush","https://www.nytimes.com/2020/01/03/style/hype-house-los-angeles-tik-tok.html"
"046d0394-4e0c-4ccc-a431-b973888c5527","politics","Frederick Richmond, 96, Dies; Congressman Undone by Corruption","https://www.nytimes.com/2020/01/09/us/fred-richmond-dead.html"
"084bd135-4790-47bd-8491-218eaa48a4ca","education","The Machines Are Learning, and So Are the Students","https://www.nytimes.com/2019/12/18/education/artificial-intelligence-tutors-teachers.html"
"da31e7d3-6b04-4d6b-9937-6a53c342a137","arts","What Makes Pope.L’s Art Endure? (It’s Not the Famous Crawls)","https://www.nytimes.com/2020/01/09/arts/design/popel-moma-whitney-review.html"
"33179768-957e-48af-8896-fefaa43a9fd8","science","‘Earth’ Review: Humanity Is Digging Its Own Grave","https://www.nytimes.com/2020/01/08/movies/earth-review.html"
"8f96720a-745f-4b66-b1da-43d786e0c218","nyregion","Homes for Sale in New York and New Jersey","https://www.nytimes.com/2020/01/09/realestate/homes-for-sale-in-new-york-and-new-jersey.html"
"aa293270-6b43-4d8d-90c6-05d9a2a5ee0f","dining","Ken Friedman of the Spotted Pig Will Pay $240,000 in Sexual Harassment Case","https://www.nytimes.com/2020/01/07/dining/spotted-pig-ken-friedman-sexual-harassment.html"
"37e897ba-3173-4d12-b3fa-586de9edd3db","arts","After Oscar Season’s Wildest Week, a Troubling Takeaway","https://www.nytimes.com/2020/01/08/movies/oscars-diversity.html"
"26065ab4-820e-481d-9c8a-c81cfe1f7d35","nyregion","Subway Pulls 300 Cars Over Fears Doors Would Open Between Stops","https://www.nytimes.com/2020/01/08/nyregion/mta-pulls-subway-cars.html"
"e0417c39-85e2-4699-83ac-7da8e15fa947","world","Going Rogue: Prince Harry and Meghan Caught the Palace Off Guard","https://www.nytimes.com/2020/01/09/world/europe/duchess-sussex-prince.html"
"6d23bf94-35d6-4dd3-a8ec-b70e879029b8","travel","4 Ways to Travel Better in 2020","https://www.nytimes.com/2019/12/28/travel/4-ways-to-travel-better-in-2020.html"
"5d9e491a-0d6a-438f-806f-434cc1297682","world","Your Thursday Briefing","https://www.nytimes.com/2020/01/09/briefing/iran-prince-harry-meghan.html"
"70ba2a26-4b62-414d-9187-1742af124afa","nyregion","Facing Weinstein, Scores of Potential Jurors Say They Can’t be Fair","https://www.nytimes.com/2020/01/08/nyregion/harvey-weinstein-trial-jury-selection.html"
"a8541dc0-0a99-4218-8f65-3264f03ffca0","business","The Mystery of Teen Vogue’s Disappearing Facebook Article","https://www.nytimes.com/2020/01/08/business/media/teen-vogue-facebook.html"
"09714de9-c80f-45b2-8f0c-db2ef803b8fb","technology","Facebook Says It Won’t Back Down From Allowing Lies in Political Ads","https://www.nytimes.com/2020/01/09/technology/facebook-political-ads-lies.html"
"cae510d2-d73a-49f0-8305-fc5cb577370b","business","Stocks Rally as Iran Worries Ease and Corporate Outlook Brightens","https://www.nytimes.com/2020/01/08/business/global-markets.html"
"741e85a8-a169-4f2a-a2c9-3c8f9541ffff","science","New York State Investigates Christian Health Cost-Sharing Affiliate","https://www.nytimes.com/2020/01/08/health/christian-health-insurance-subpoena.html"
"0f93a9bb-7088-43a6-87de-e71275f60c94","health","Early Treatment for Autism Is Critical, New Report Says","https://www.nytimes.com/2020/01/06/well/family/early-treatment-for-autism-is-critical-new-report-says.html"
"44f6d82a-06fe-4d8e-8a3f-bb0b8ab71a39","upshot","Cancer Death Rate in U.S. Sees Sharpest One-Year Drop","https://www.nytimes.com/2020/01/08/health/cancer-deaths-decline.html"
"90af3cb1-8b7f-4fe5-8aa0-b68487bd8628","travel","Hackers Cripple Airport Currency Exchanges, Seeking $6 Million Ransom","https://www.nytimes.com/2020/01/09/business/travelex-hack-ransomware.html"
"9c51d6cd-e1fc-47ef-a0b4-22d2e0efb750","science","E.P.A. Aims to Reduce Truck Pollution, and Avert Tougher State Controls","https://www.nytimes.com/2020/01/06/climate/trump-truck-pollution.html"
"1c6e691b-fc7c-4112-b652-1a3567b07c32","us","Competing for Sanders’s New Hampshire Voters: Yang and Gabbard","https://www.nytimes.com/2020/01/09/us/politics/bernie-sanders-andrew-yang-tulsi-gabbard.html"
"dc308716-035e-4b72-80c8-0a6cccc5b838","us","Mamie Kirkland, Witness to an Era of Racial Terror, Dies at 111","https://www.nytimes.com/2020/01/09/us/mamie-kirkland-dead.html"
"8839dcbe-efd7-4b03-a5e6-694b2f007319","business","New Owner Is Selected After $146 Million Nursing Home Collapse","https://www.nytimes.com/2020/01/06/business/nursing-homes-hud-rosewood.html"
"13247839-343a-4b4a-969e-032da2f24314","sports","Bloomberg and Trump Buy Super Bowl Ads at $10 Million Each","https://www.nytimes.com/2020/01/07/us/politics/bloomberg-trump-super-bowl-ad.html"
"989bb6bd-2c5e-446d-bda2-2bb2af5a5595","world","As Iran and U.S. Trade Blows, Afghanistan Sweats Between the 2 Powers","https://www.nytimes.com/2020/01/08/world/asia/afghanistan-iran-soleimani.html"
"2fb809a0-0dec-4a03-9295-22e5c44e3523","education","In China’s Crackdown on Muslims, Children Have Not Been Spared","https://www.nytimes.com/2019/12/28/world/asia/china-xinjiang-children-boarding-schools.html"
"9b1e459e-fd87-48ae-a4e7-02a9324bb17f","technology","Where’s Your Flying Car? Hyundai and Uber Say They’re Working on It","https://www.nytimes.com/2020/01/07/business/hyundai-uber-flying-car.html"
"027a319b-5e7b-408c-8597-4182e00c3ef7","upshot","These Patients Are Hard to Treat","https://www.nytimes.com/2020/01/08/health/camden-coalition-chronic-illness.html"
"db5401dc-fa70-485e-b0d3-de176ce8b7d2","climate","Apocalyptic Scenes in Australia as Fires Turn Skies Blood Red","https://www.nytimes.com/2019/12/31/world/australia/fires-red-skies-Mallacoota.html"
"7dbfa20b-bdcd-4d06-8e0e-82f651f49928","arts","‘Underwater’ Review: Wobbly Sea Legs","https://www.nytimes.com/2020/01/09/movies/underwater-review.html"
"b590915f-24c7-4254-800d-d96c5c34b785","travel","House Hunting in Uruguay: A Modern Ranch on 12 Acres for $390,000","https://www.nytimes.com/2020/01/08/realestate/house-hunting-in-uruguay-a-modern-ranch-on-12-acres-for-390000.html"
"4996589e-38df-4927-ae7a-b51b214636a4","health","Even a Single Dose of HPV Vaccine May Provide Protection","https://www.nytimes.com/2020/01/06/well/live/even-a-single-dose-of-hpv-vaccine-may-provide-protection.html"
"cec16c2e-2166-41f1-9b06-025b2d0c0e5a","sports","Even NASCAR Drivers Need a Stylist","https://www.nytimes.com/2020/01/08/style/stylist-NASCAR-NFL-red-carpet.html"
"51ba29ea-c854-495b-bbbe-c7b52220abaf","health","Dr. Heather Ashton, 90, Dies; Helped People Quit Anxiety Drugs","https://www.nytimes.com/2020/01/03/science/dr-heather-ashton-dead.html"
"d0ce458a-d156-4f2b-ba92-ea98d1610b81","science","Trove of New Bird Species Found on Remote Indonesian Islands","https://www.nytimes.com/2020/01/09/science/birds-new-species-indonesia.html"
"79996cb6-98af-4cac-957d-ee5d0c31d8bb","arts","‘The Woman Who Loves Giraffes’ Review: Crackers for Animals","https://www.nytimes.com/2020/01/09/movies/the-woman-who-loves-giraffes-review.html"
"19bccced-53d2-44cf-8042-fceb500d7845","us","The Minimum Wage Is Rising, but These Workers Are Being Left Behind","https://www.nytimes.com/2020/01/09/us/minimum-wage-tips-au-pair.html"
"4e935b84-228d-4689-97c9-ba2512c650db","arts","Where the Wild Ones Go","https://www.nytimes.com/2020/01/09/books/review/the-girls-with-no-names-serena-burdick.html"
"a761f576-8e6e-4105-84a0-b2210481300c","upshot","Democrats Ask Supreme Court for Quick Decision on Obamacare","https://www.nytimes.com/2020/01/03/upshot/democrats-obamacare-supreme-court.html"
"85d4f514-45ba-4c4f-b4fb-47fccfc2b2d8","dining","A Food Historian Discusses Italy’s Motor Valley","https://www.nytimes.com/2020/01/06/dining/modena-auto-food-talk.html"
"c4745da6-86ac-4713-a306-9a30813b8854","dining","This Soup Has Salad Aspirations","https://www.nytimes.com/2020/01/03/dining/spinach-soup-recipe.html"
"cb42b1bd-e3c6-4d82-855f-34e07832e7dd","dining","India’s ‘Pickle Queen’ Preserves Everything, Including the Past","https://www.nytimes.com/2020/01/06/dining/indian-pickle-queen-usha-prabakaran.html"
"ed741119-8c05-46cc-9d3f-83f07d154820","arts","How Much Watching Time Do You Have This Weekend?","https://www.nytimes.com/2020/01/09/arts/television/outsider-sanditon-cheer-hbo-netflix.html"
"670ca88f-bc93-4a0f-8c51-08559db67009","business","In Reversal, Boeing Recommends 737 Max Simulator Training for Pilots","https://www.nytimes.com/2020/01/07/business/boeing-737-max-simulator-training.html"
"120a5383-9f8f-413e-baa8-b661c1e45ef5","business","Right-Hand-Drive Cars: Not Just for Mail Carriers","https://www.nytimes.com/2020/01/09/business/right-hand-drive-cars.html"
"581e596c-d9bd-42ce-b8fc-7fb4ab85387e","technology","Inside the Billion-Dollar Battle Over .Org","https://www.nytimes.com/2020/01/07/technology/dot-org-private-equity-battle.html"
"1334aa31-a1ba-4198-a414-7053417ae770","arts","Kiley Reid Has Done Her Share of Soul-Searching in Coffee Shops","https://www.nytimes.com/2020/01/09/books/review/inside-the-list-kiley-reid.html"
"b40871fc-9a4b-4f69-be77-6a66b8a2a7fe","climate","How Have Australia’s Wildfires Affected You?","https://www.nytimes.com/2020/01/03/reader-center/australia-wildfires-evacuation.html"
"2ab94aec-ecd0-4ac8-9b0b-76dbdd133a86","climate","The Coolest Architecture on Earth Is in Antarctica","https://www.nytimes.com/2020/01/06/science/antarctica-architecture.html"
"b7acdc4e-df07-4672-834f-b2cd5d35e282","nyregion","Cuomo’s 2020 Vision: Turbulent Waters and So Many Octopuses","https://www.nytimes.com/2020/01/09/nyregion/2020-cuomo-poster-ny.html"
"0c54c593-2b22-4ecf-9f00-ddfdc8e65fd2","style","2020 Golden Globes Red Carpet: Fashion at the Awards","https://www.nytimes.com/2020/01/05/style/golden-globes-red-carpet-fashion.html"
"0e80405d-ea8b-4df2-b528-9a1b10c14018","style","‘Divorce Month’ Fact or Fiction: Do More Couples Split in January?","https://www.nytimes.com/2020/01/04/style/january-divorce-month.html"
"c22ef088-f80a-4941-8ddc-1544355f73e5","health","When the Cobra Bites, You’ll Be Glad Someone Sequenced Its Genome","https://www.nytimes.com/2020/01/09/science/cobra-venom-genome.html"
"9a34db9d-4202-467d-8078-c2313cbe0d8e","business","Carlos Ghosn, Mum on Tokyo Escape, Unleashes a Rambling Defense","https://www.nytimes.com/2020/01/08/business/carlos-ghosn-beirut.html"
"5bc1aed2-845b-44f3-ac8f-1ba2fab75aa0","sports","Justin Thomas Wins Tournament of Champions in Playoff","https://www.nytimes.com/2020/01/06/sports/golf/justin-thomas-patrick-reed.html"
"de048cd4-afee-4cb6-9310-154dc7269efd","education","A Test for Foreign Teachers in Indonesia: Are You Gay?","https://www.nytimes.com/2019/12/23/world/asia/indonesia-gay-teachers.html"
"a8299ab5-b700-4581-8b16-17813f40ec4c","climate","In Indonesia, Outlaw Gold Miners Poison Themselves to Survive","https://www.nytimes.com/2019/12/30/world/asia/indonesia-gold-environment-mercury.html"
"5c45c6fb-059d-4c64-9306-776241dcde68","climate","Where Eagle Feathers Fall Like Snow","https://www.nytimes.com/2020/01/06/science/lebanon-birds-hunting-conservation.html"
"c0af052b-3837-46bf-bfcf-c30e5e5a8237","arts","6 Dance Performances to See in N.Y.C. This Weekend","https://www.nytimes.com/2020/01/09/arts/dance/nyc-this-weekend-dance.html"
"399fde42-32e0-4674-bac4-05139b6f80b4","arts","‘I’m Finished When I Start Looking at the World in a Different Way’","https://www.nytimes.com/2020/01/09/t-magazine/pieter-hugo-photographs.html"
"f79fe08a-3d5f-45bf-8e3d-2a8b1d42e4f2","arts","Florence Pugh’s True Hollywood Fairy Tale","https://www.nytimes.com/2020/01/08/movies/florence-pugh-little-women.html"
"98945d33-0c64-4666-8464-75fe05211b65","us","Bernie Sanders’s Latest Endorsement: Sunrise Movement","https://www.nytimes.com/2020/01/09/us/politics/bernie-sanders-sunrise-movement-endorsement.html"
"aaceb09d-f47b-4fd9-b6d4-cf5792c92f1a","arts","Meet Mary Steenburgen, Songwriter","https://www.nytimes.com/2020/01/09/movies/mary-steenburgen-song-oscar.html"
"daabb834-9416-404b-8787-7174d43b9e02","technology","A.I. Comes to the Operating Room","https://www.nytimes.com/2020/01/06/health/artificial-intelligence-brain-cancer.html"
"e893b246-8b69-432e-aafb-402d5d53e65b","travel","How We Picked the 2020 ‘Places to Go’ List","https://www.nytimes.com/2020/01/09/travel/top-destinations-52-places.html"
"fda2d1e7-c64b-4b0f-a8c4-635bc1211858","arts","6 Classical Music Concerts to See in N.Y.C. This Weekend","https://www.nytimes.com/2020/01/09/arts/music/concerts-new-york-classical.html"
"30cbe9fc-facf-4a38-a7ab-62fcc038ae6b","technology","Facebook Says It Will Ban ‘Deepfakes’","https://www.nytimes.com/2020/01/07/technology/facebook-says-it-will-ban-deepfakes.html"
"6aa40cb6-26a0-4290-994a-e52e2f6b12d4","world","The Flu Season May Yet Turn Ugly, C.D.C. Warns","https://www.nytimes.com/2020/01/08/health/flu-season-severity.html"
"fadfde8d-0483-45ff-b56c-0073d8ed7a7f","business","Boeing Employees Mocked F.A.A. in Internal Messages","https://www.nytimes.com/2020/01/09/business/boeing-737-messages.html"
"2e24d7b2-bb66-4862-ac02-b6bb39e18caa","technology","Sonos, Squeezed by the Tech Giants, Sues Google","https://www.nytimes.com/2020/01/07/technology/sonos-sues-google.html"
"37d10474-444a-481f-a8ee-5aec99eee69f","dining","Impossible Dumplings and Beyond Buns: Will China Buy Fake Meat?","https://www.nytimes.com/2020/01/07/business/fake-pork-china.html"
"61111b32-2d27-46b9-a920-b0d55a5fcef6","health","How to Pack a Go Bag for Extended Hospital Stays","https://www.nytimes.com/2020/01/07/smarter-living/wirecutter/how-to-pack-a-go-bag-for-extended-hospital-stays.html"
"e998355d-d1bd-413e-a8ff-106d448d32d5","climate","How We Picked the 2020 ‘Places to Go’ List","https://www.nytimes.com/2020/01/09/travel/top-destinations-52-places.html"
"159a950b-e727-4908-8974-a8f1c674e241","business","U.S. Stocks, in a Sweet Spot, Hit a Record","https://www.nytimes.com/2020/01/09/business/stock-market-record.html"
"453ee692-5314-40af-9aaf-c4c1aad06343","dining","Wine Business Fears a Possible Disaster in Potential Trump Tariffs","https://www.nytimes.com/2020/01/06/dining/drinks/trump-wine-tariff-eu.html"
"08360ea7-064c-4233-92b6-27127781cf42","business","たった１日休業したオーナーへのセブン－イレブンの仕打ち","https://www.nytimes.com/ja/2020/01/09/business/7-eleven-japan.html"
"245647ac-48cc-45f9-9112-e3fe51a9608a","nyregion","Jennifer Dulos Killing: Suspect May Have Dug Grave at Gun Club","https://www.nytimes.com/2020/01/09/nyregion/fotis-jennifer-dulos-case-update.html"
"612a6cfb-1ef1-4a7d-92f1-0779b1660e4b","style","For Prince Harry and His Wife, Meghan, a Tricky Balancing Act","https://www.nytimes.com/2020/01/08/world/europe/meghan-harry-united-kingdom.html"
"3365b8d4-80c2-41e2-95dc-0e9b6bd37ed4","style","Prince Harry and Meghan to ‘Step Back’ From Royal Duties in Extraordinary Retreat","https://www.nytimes.com/2020/01/08/world/europe/prince-harry-meghan-markle-royal-family.html"
"846f2961-e0d9-4c5e-92f6-ac8144ba8014","science","Dr. Heather Ashton, 90, Dies; Helped People Quit Anxiety Drugs","https://www.nytimes.com/2020/01/03/science/dr-heather-ashton-dead.html"
"1e96d972-b692-40f7-a807-3f792f589d1b","arts","A Director Making His Mark in More Ways Than One","https://www.nytimes.com/2020/01/09/theater/jamie-lloyd-director-cyrano.html"
"4f57a70f-cc20-4f10-b739-e37d62c0f59a","technology","This Robot’s Journey to an Icy Alien Moon Starts Beneath Antarctica","https://www.nytimes.com/2020/01/05/science/europa-rover-antarctica.html"
"f78d28e2-a09c-47f4-a69c-204ce5ba7c18","dining","Flavorful Bites in a Virtual Reality","https://www.nytimes.com/2020/01/06/dining/virtual-reality-food-aerobanquets-rmx.html"
"b361b498-06cb-4278-8352-6fb473a8bece","health","A Speech About Love for My Father’s Third Wedding","https://www.nytimes.com/2020/01/03/well/family/father-son-divorce-wedding-speech-love-relationships.html"
"fa407364-04fc-40d9-93f4-225ab59b510c","nyregion","Golf Club for the 1 Percent Wants to Seize a Migratory Bird Habitat","https://www.nytimes.com/2020/01/09/nyregion/liberty-state-park-golf-course.html"
"a1133176-d544-4395-8b73-2f80e61c5137","climate","Golf Club for the 1 Percent Wants to Seize a Migratory Bird Habitat","https://www.nytimes.com/2020/01/09/nyregion/liberty-state-park-golf-course.html"
"e216f618-d9d1-4bff-adab-0669ffce96cf","business","I’ll Share My Salary Information if You Share Yours","https://www.nytimes.com/2020/01/09/style/women-salary-transparency.html"
"4aa309b3-dfbd-4aec-922f-52c55c6530ef","business","Dairy Giant Borden Files for Bankruptcy Protection","https://www.nytimes.com/2020/01/06/business/borden-milk-bankruptcy.html"
"293f206d-8857-4217-aa91-c5844fdf4801","arts","Adela Holzer, Whose Fall From Grace Was Theatrical, Is Dead","https://www.nytimes.com/2020/01/08/theater/adela-holzer-dead.html"
"d8a806de-a8c5-4e90-bc7f-dc01822b34ab","travel","36 Hours in Santo Domingo","https://www.nytimes.com/2020/01/02/travel/what-to-do-36-hours-in-santo-domingo-dominican-republic.html"
"9a1f8fb9-19ec-4451-aee8-d3a0e9dcfb30","style","Even NASCAR Drivers Need a Stylist","https://www.nytimes.com/2020/01/08/style/stylist-NASCAR-NFL-red-carpet.html"
"b4759dc6-a4a0-4c6e-a1c5-49fcbf520dc2","sports","Pete Dye, Picasso of Golf Course Design, Is Dead at 94","https://www.nytimes.com/2020/01/09/sports/golf/pete-dye-dead.html"
"238c87b4-25ac-49b3-9370-16bbffb59c2e","business","Sonos, Squeezed by the Tech Giants, Sues Google","https://www.nytimes.com/2020/01/07/technology/sonos-sues-google.html"
"9ffc05b9-fa65-4311-a362-a8a925f96d38","us","Larry David’s Nightmare","https://www.nytimes.com/2020/01/09/us/politics/bernie-sanders-larry-david.html"
"2358c5a0-bc09-496d-a706-e2fb9bd4b6fe","travel","Greeting the New Year in Earth’s Northernmost Settlement","https://www.nytimes.com/2019/12/30/travel/svalbard-norway-northern-lights.html"
"21dfd2e1-725f-4ac6-a3e3-e08b322569ec","science","Trump Rule Would Exclude Climate Change in Infrastructure Planning","https://www.nytimes.com/2020/01/03/climate/trump-nepa-climate-change.html"
"16c942ef-e5f6-4891-b58f-afc2c8b14e42","climate","The Australia Wildfires in Pictures","https://www.nytimes.com/2020/01/03/world/australia/wildfires-pictures.html"
"c8618b49-ccde-45a1-af62-94d0f707cbef","upshot","What if a Vaping Tax Encouraged Cigarette Smoking?","https://www.nytimes.com/2020/01/06/upshot/vaping-tax-effect-smoking.html"
"c4415717-6f83-45d0-9cc9-f07989fb95e0","climate","Impossible Dumplings and Beyond Buns: Will China Buy Fake Meat?","https://www.nytimes.com/2020/01/07/business/fake-pork-china.html"
"9ac391dc-20c5-45bc-8579-d7d65220c57b","arts","A Show Reminds Young Audiences: We All Got Here From Somewhere","https://www.nytimes.com/2020/01/09/theater/cartography-new-victory-theater.html"
"7ab110eb-2223-4287-8319-f5d108c77d4d","education","Edna Smith Primus, Lawyer in Pivotal Rights Case, Dies at 75","https://www.nytimes.com/2019/12/12/us/edna-smith-primus-dead.html"
"10404a08-4d90-4e4d-b727-6ebfc9eba9bb","world","Little Clarity, Many Theories in Ukraine Airline Crash in Iran","https://www.nytimes.com/2020/01/07/world/middleeast/iran-plane-crash-boeing-ukraine.html"
"8d317316-8a82-4f54-8d59-e27f6bf199b7","arts","‘Three Christs’ Review: Exploring the Mysteries of the Mind","https://www.nytimes.com/2020/01/09/movies/three-christs-review.html"
"bbaed0b9-f548-448e-a3ca-2fba422b8a1c","style","Pete Buttigieg and the One Percent","https://www.nytimes.com/2020/01/03/us/politics/pete-buttigieg-celebrity-donors.html"
"754844a9-b552-410f-9d25-fbbed4247c02","education","Denying a Professor Tenure, Harvard Sparks a Debate Over Ethnic Studies","https://www.nytimes.com/2020/01/02/us/harvard-latinos-diversity-debate.html"
"f5f2200d-fefa-400d-a3c2-53c92477ff11","business","Frederick Richmond, 96, Dies; Congressman Undone by Corruption","https://www.nytimes.com/2020/01/09/us/fred-richmond-dead.html"
"675da7be-ac22-49f1-b4ba-b967abdd819e","world","3 Hours From Alert to Attacks: Inside the Race to Protect U.S. Forces From Iran Strikes","https://www.nytimes.com/2020/01/08/us/politics/trump-iran-suleimani.html"
"82bdb38c-dddc-4b4a-9d99-674f712b5de5","science","Trump’s Move Against Landmark Environmental Law Caps a Relentless Agenda","https://www.nytimes.com/2020/01/09/climate/trump-nepa-environment.html"
"6b176237-7f18-459f-a2ab-03c75f20943f","nyregion","Harvey Weinstein Says His Judge Is Biased. His Judge Disagrees.","https://www.nytimes.com/2020/01/09/nyregion/harvey-weinstein-trial.html"
"969c356a-db51-4b37-9deb-06e281f79931","style","Elizabeth Wurtzel Finally Grew Up, Like the Rest of Gen X","https://www.nytimes.com/2020/01/08/style/elizabeth-wurtzel-gen-x.html"
"c666b64e-729b-4a37-8a52-1e58ac1596c7","world","Iran’s Long Night Is Capped by an Earthquake","https://www.nytimes.com/2020/01/08/world/middleeast/iran-earthquake.html"
"b41b750c-a26f-46fc-83bc-2995ed04a2cf","business","Civilian Planes Shot Down: A Grim History","https://www.nytimes.com/2020/01/09/world/middleeast/civilian-planes-shot-down.html"
"6abefc0a-ecb3-48a4-9816-069b0c0f592b","world","Lebanon Orders Carlos Ghosn to Stay Put","https://www.nytimes.com/2020/01/09/business/carlos-ghosn-lebanon-judge.html"
"0cbef730-70da-4f33-bbdc-151558782801","us","Bill Cosby, Citing #MeToo Bias, Files New Appeal","https://www.nytimes.com/2020/01/09/arts/television/bill-cosby-appeal.html"
"8a86f8c9-43f3-43a0-a63c-bbe70cc23fe6","travel","New Cruise Ships to Set Sail for Antarctica","https://www.nytimes.com/2020/01/01/travel/antarctica-cruises.html"
"73b73fba-8e47-4ee7-bb54-dba88d09d7c0","sports","Ed Orgeron Becomes the Cajun Yogi Berra","https://www.nytimes.com/2020/01/09/sports/ncaafootball/ed-orgeron.html"
"8cf7629d-22fa-414d-a5f3-c7eb0822137f","education","Screens in the Classroom: Tool or Temptation?","https://www.nytimes.com/2019/12/11/education/screens-classroom-tool-temptation.html"
"e7194cb8-b67f-4664-9a51-54d0473328a9","business","New York State Investigates Christian Health Cost-Sharing Affiliate","https://www.nytimes.com/2020/01/08/health/christian-health-insurance-subpoena.html"
"0ecea064-4efb-41a7-93d9-00951b0be8be","sports","The Government Is Reining In Youth Sports. The Adults Are Worried.","https://www.nytimes.com/2020/01/07/sports/youth-sports-rules-us.html"
"4b035066-14c5-499e-ab0e-47d6bbe1b868","health","New York State Investigates Christian Health Cost-Sharing Affiliate","https://www.nytimes.com/2020/01/08/health/christian-health-insurance-subpoena.html"
"0a3eaffc-4384-4c71-a976-563cbd8187a5","science","Yes, This Cuttlefish Is Wearing 3-D Glasses","https://www.nytimes.com/2020/01/08/science/3d-glasses-cuttlefish.html"
"5b409f22-11c5-4f7f-8b6f-42358c672a79","style","Nicky Haslam’s House of Commons","https://www.nytimes.com/2020/01/07/style/nicky-haslams-house-of-commons.html"
"65af86b0-0a69-4cd4-b8f4-67679ddad077","business","Taking Stock of the Boeing Crash and Iran Missile Attack","https://www.nytimes.com/2020/01/08/business/dealbook/boeing-crash-iran-737.html"
"086c6da3-324b-4705-bf7e-6a29210a67ac","health","Vaping Kills a 15-Year-Old in Texas","https://www.nytimes.com/2020/01/09/health/teen-vaping-death.html"
"9e66f84d-2c1e-44ed-ba86-e9d5209e2390","education","National Spelling Bee Will Take Fewer ‘Wild Card’ Contestants","https://www.nytimes.com/2019/12/11/us/scripps-spelling-bee.html"
"cb55a34b-4332-4e58-96a9-dbdcb874d472","education","Thomas Elsaesser, Film Scholar With a Broad View, Dies at 76","https://www.nytimes.com/2019/12/19/movies/thomas-elsaesser-dead.html"
"6a3ce3f9-7ba2-46c8-af86-1696488a9d0c","sports","The Knicks Were 0-for-Los Angeles, but There May Be Signs of Hope","https://www.nytimes.com/2020/01/08/sports/basketball/knicks-lakers-clippers.html"
"70071749-a29b-4abe-8c33-03f5b2a75020","nyregion","The Balancing Act","https://www.nytimes.com/2020/01/09/business/how-much-debt-do-i-have.html"
"0a0aa5b0-f6f4-4a57-92a0-f05a4cca4f12","us","Impeachment Briefing: One Step Closer","https://www.nytimes.com/2020/01/09/us/politics/impeachment-briefing-one-step-closer.html"
"06b27db5-a36c-4ecd-86b8-8c275725563e","health","Resolving to Be Coached","https://www.nytimes.com/2020/01/07/well/live/new-years-resolutions-health-fitness-coaching.html"
"f34908b9-afc0-423e-8e09-3243e1451ac9","travel","In 2019, We Were There: 12 Favorite Dispatches From the Earth’s 4 Corners","https://www.nytimes.com/2019/12/30/world/nyt-best-dispatches.html"
"255651bf-3f52-41a6-a15a-ffcea914e79b","us","How We Picked the 2020 ‘Places to Go’ List","https://www.nytimes.com/2020/01/09/travel/top-destinations-52-places.html"
"1e95cb2a-5101-4dd9-b51a-2da21467c715","politics","House Votes to Restrain Trump’s Iran War Powers","https://www.nytimes.com/2020/01/09/us/politics/trump-iran-war-powers.html"
"adaf49b5-3453-4433-b934-b0024a7aaacd","us","Pete Dye, Picasso of Golf Course Design, Is Dead at 94","https://www.nytimes.com/2020/01/09/sports/golf/pete-dye-dead.html"
"974c37d6-9289-4ca4-aa20-b061e71a4376","business","Who’s Hosting the Oscars This Year? No One","https://www.nytimes.com/2020/01/09/movies/oscars-no-host.html"
"b605a55b-a44a-4e4f-8440-ec0518495252","politics","Around the Country in 17 Hours With Michael Bloomberg","https://www.nytimes.com/2020/01/09/us/politics/michael-bloomberg-2020-campaign.html"
"adbdb137-1c26-424a-b07d-54272bd487dc","style","Your Favorite Internet Astrologer Wrote a Book","https://www.nytimes.com/2020/01/04/style/chani-nicholas-astrologer.html"
"bde40149-1e80-4454-82cf-963d9c16350f","science","China Identifies New Virus Causing Pneumonialike Illness","https://www.nytimes.com/2020/01/08/health/china-pneumonia-outbreak-virus.html"
"a366ade0-1f9f-49ca-879d-0259b7df182b","world","2019 Was Second Hottest Year on Record","https://www.nytimes.com/2020/01/08/climate/2019-temperatures.html"
"a1a2f23b-240e-4e39-bfd6-1460e49c011e","health","Older People Need Geriatricians. Where Will They Come From?","https://www.nytimes.com/2020/01/03/health/geriatricians-shortage.html"
"57b36621-3a7d-493a-a59b-02f3021da6c2","politics","Biden and Sanders Differ on Foreign Policy. They’re Happy to Tell You So.","https://www.nytimes.com/2020/01/06/us/politics/joe-biden-bernie-sanders-iran.html"
"ce45bd7b-3e03-43c6-9480-ed5da4e16380","world","Iran Offers Mixed Message After Backing Away From Conflict with U.S.","https://www.nytimes.com/2020/01/09/world/middleeast/us-iran-war.html"
"740c9d42-e1ef-4c0d-ba58-6287d3a92d5f","us","Twin Court Rulings Buoy Construction of Trump’s Border Wall","https://www.nytimes.com/2020/01/09/us/politics/trump-border-wall.html"
"3188619d-3cc0-4ad6-977b-264b1c6567d9","politics","Trump Administration’s Actions in Middle East Complicate Its Criticisms of China","https://www.nytimes.com/2020/01/09/world/asia/trump-china-iran.html"
"0dd1fc0f-b079-4d41-876f-990241d0a974","business","Oil Prices Are Slow to Reflect U.S.-Iran Tensions","https://www.nytimes.com/2020/01/07/business/energy-environment/iran-oil-soleimani.html"
"fb4ce047-062d-4843-8b93-54fa91348cb4","science","2019 Was Second Hottest Year on Record","https://www.nytimes.com/2020/01/08/climate/2019-temperatures.html"
"56b0ba16-9b3e-4677-b827-95d238bc248d","politics","Golf Club for the 1 Percent Wants to Seize a Migratory Bird Habitat","https://www.nytimes.com/2020/01/09/nyregion/liberty-state-park-golf-course.html"
"3fff0de2-9c0d-493c-b5d2-c8bfada2cc98","climate","N.A.A.C.P. Tells Local Chapters: Don’t Let Energy Industry Manipulate You","https://www.nytimes.com/2020/01/05/business/energy-environment/naacp-utility-donations.html"
"b974c20d-c15a-45e2-932f-731a5182ab20","arts","What’s on TV Thursday: ‘Cheer’ and ‘Pavarotti’","https://www.nytimes.com/2020/01/09/arts/television/whats-on-tv-thursday-cheer-and-pavarotti.html"
"9a0c3b45-a93c-43ae-9c78-6604fb254362","health","Loud Fitness Classes Take a Toll on Instructors’ Voices","https://www.nytimes.com/2020/01/09/well/live/fitness-instructors-vocal-injuries-shouting.html"
"fc598073-7518-40e4-9923-bed93f0064f9","style","They All Said Yes","https://www.nytimes.com/2020/01/04/style/they-all-said-yes.html"
"6248fcf7-18c1-4d5c-ac15-b3726f13206d","style","Office Treats Bring Out the Worst of Humanity","https://www.nytimes.com/2020/01/03/business/work-friend-office-cupcakes.html"
"f23becc6-42af-442b-89a5-8f8a07b354cc","business","Hackers Cripple Airport Currency Exchanges, Seeking $6 Million Ransom","https://www.nytimes.com/2020/01/09/business/travelex-hack-ransomware.html"
"0d95294b-e670-49f2-af8b-0ab080b4492e","style","Hype House and the Los Angeles TikTok Mansion Gold Rush","https://www.nytimes.com/2020/01/03/style/hype-house-los-angeles-tik-tok.html"
"725f586d-ba60-47a4-9665-c88b7ff7a7da","climate","In a Year of Perpetual Motion, Moments That Stopped Time","https://www.nytimes.com/2020/01/06/travel/52places-recap.html"
"37b6e72c-6ca3-46e3-92e5-c4a66c2aa834","business","American Consumers, Not China, Are Paying for Trump’s Tariffs","https://www.nytimes.com/2020/01/06/business/economy/trade-war-tariffs.html"
"2ea6d140-f17f-4574-b45f-1730b68f3581","world","What We Know About the 2 Bases Iran Attacked","https://www.nytimes.com/2020/01/07/world/middleeast/iraq-al-asad-erbil-us-air-base.html"
"421d7f4d-242e-45f6-8934-c745187d1a5c","arts","11 New Books We Recommend This Week","https://www.nytimes.com/2020/01/09/books/review/new-books-we-recommend-this-week.html"
"655cde14-fd66-465b-a31b-6404574a8825","education","When the Surgeon Is a Mom","https://www.nytimes.com/2019/12/20/science/doctors-surgery-motherhood-medical-school.html"
"d740eb8d-d6b2-43d0-aa1b-8f27c4705e5c","climate","How Rupert Murdoch Is Influencing Australia’s Bushfire Debate","https://www.nytimes.com/2020/01/08/world/australia/fires-murdoch-disinformation.html"
"515740eb-5788-475c-a163-ed8bbaa8e05f","nyregion","After Anti-Semitic Incidents, New Bail Law in N.Y. Comes Under Attack","https://www.nytimes.com/2020/01/08/nyregion/cash-bail-reform-ny.html"
"37c48359-74cc-4c58-9078-e671e9b63aea","world","Russia and Turkey Make Joint Call for Cease-Fire in Libya","https://www.nytimes.com/2020/01/08/world/middleeast/russia-turkey-libya.html"
"5727cde9-ecab-4d32-a77c-dcc9f588e4e0","style","In a Burger World, Can Sweetgreen Scale Up?","https://www.nytimes.com/2020/01/04/business/sweetgreen-salads.html"
"44b47813-6e91-4bc9-94b7-c4d74bf8c2ec","world","How We Picked the 2020 ‘Places to Go’ List","https://www.nytimes.com/2020/01/09/travel/top-destinations-52-places.html"
"d4ade7f0-9562-474b-8920-8670f772c917","sports","The Titans Slew a Giant. Can They Take Down Another?","https://www.nytimes.com/2020/01/09/sports/football/titans-ravens-henry-tannehill.html"
"cb048c66-a417-4039-9c57-5483bf91d1cc","climate","Flash Floods in Indonesia Leave Hundreds of Thousands Homeless","https://www.nytimes.com/2020/01/02/world/asia/indonesia-jakarta-rain-floods.html"
"7c3b760f-a4c8-4e5a-8ce4-7d43d2a746d4","nyregion","What Makes Pope.L’s Art Endure? (It’s Not the Famous Crawls)","https://www.nytimes.com/2020/01/09/arts/design/popel-moma-whitney-review.html"
"53814fe4-d62f-42b6-8e2f-34ded164d373","world","Brazil’s Top Court Strikes Down Ban on Netflix Film Portraying Jesus as Gay","https://www.nytimes.com/2020/01/09/world/americas/Brazil-netflix-Jesus-gay.html"
"ac86cc46-83f7-4974-8161-3bfdb8b1c9e1","world","In Iran, Rejoicing Over Retaliation, then Relief at No U.S. Counterstrike","https://www.nytimes.com/2020/01/08/world/middleeast/iranians-retaliation.html"
"5eef341c-9528-4941-958a-2b9404c4aebc","business","Recent Commercial Real Estate Transactions","https://www.nytimes.com/2020/01/07/business/new-york-commercial-real-estate.html"
"e55a885c-02b1-449c-bd12-c9c5a71e2779","nyregion","New York State Investigates Christian Health Cost-Sharing Affiliate","https://www.nytimes.com/2020/01/08/health/christian-health-insurance-subpoena.html"
"4b40d4b7-0540-47d4-86bf-747c68cbb652","style","Divas and Debutantes","https://www.nytimes.com/2020/01/03/style/divas-and-debutantes.html"
"e9670e7f-47f9-4e2e-a512-5e24ddf1fba4","nyregion","Polish Pierogis, Savory and Sweet, at Pierozek in Greenpoint","https://www.nytimes.com/2020/01/09/dining/pierozek-review-polish-greenpoint.html"
"fabb3ae3-6840-4b85-ba9f-2ef00ce6a769","education","University of California Is Sued Over Use of SAT and ACT in Admissions","https://www.nytimes.com/2019/12/10/us/sat-act-uc-lawsuit.html"
"51419432-e419-418a-b129-bd7e1e86cb76","politics","How Serious Is Tom Steyer’s Polling Surge?","https://www.nytimes.com/2020/01/09/upshot/Tom-Steyer-polling-surprise.html"
"4e415199-7611-45cb-abf8-a2b32a5f83a0","style","Before and After the Golden Globes, From Red Carpet to the After-Parties","https://www.nytimes.com/2020/01/06/style/golden-globes-red-carpet-fashion.html"
"6dd6b19a-56c2-4fae-88e6-ca991009a572","world","‘Armageddon Is Here’: Australian Readers Share Their Wildfire Experiences","https://www.nytimes.com/2020/01/08/world/australia/fires-readers-escape.html"
"81189f9c-a2e7-4274-ae5e-a75e712397ab","upshot","As Tens of Thousands Died, F.D.A. Failed to Police Opioids","https://www.nytimes.com/2019/12/30/health/FDA-opioids.html"
"5065631a-4dba-4798-83c0-d085e3625567","politics","Larry David’s Nightmare","https://www.nytimes.com/2020/01/09/us/politics/bernie-sanders-larry-david.html"
"7c5d7812-6a78-433e-b4ab-706223a0aeeb","dining","The Perfect Cake for Your Coffee Break","https://www.nytimes.com/2020/01/08/magazine/swedish-almond-cake-recipe.html"
"e02765f2-1eff-4c71-8c36-ee3777f67d1a","sports","Giants Agree to Hire Joe Judge as Head Coach","https://www.nytimes.com/2020/01/07/sports/football/joe-judge-giants.html"
"90970377-20b5-4eeb-a46b-79efea8ccc14","business","Another Comics Surprise From Robert Kirkman","https://www.nytimes.com/2020/01/09/arts/robert-kirkman-fire-power-prelude.html"
"9d0fe4d0-ce8e-41c8-b592-3109d206d5df","travel","Would You Work for Nothing at Disney? 10,000 Superfans Applied","https://www.nytimes.com/2020/01/08/travel/disney-parks-moms-panel.html"
"49b208fd-521c-49ae-8ffa-84614906ca9c","business","The Economy Is Expanding. Why Are Economists So Glum?","https://www.nytimes.com/2020/01/08/business/economy-recession-economists.html"
"22b51ecd-97d9-498f-b36d-4d4cffa68ec1","business","Facebook Won’t Take Down Misleading Political Ads","https://www.nytimes.com/2020/01/09/business/dealbook/facebook-political-ads.html"
"7417fb5f-089d-43c1-9c73-8253d0f4eb2f","business","A Year After a #MeToo Reckoning, Economists Still Grapple With It","https://www.nytimes.com/2020/01/07/business/economy/economics-race-gender.html"
"12212eba-84d6-4d73-bf4a-23233ef1f5dd","sports","How Cassius Winston Greets His Late Brother Before Every Michigan State Game","https://www.nytimes.com/2020/01/07/sports/cassius-winston-brother-suicide.html"
"5a48b58a-c7cd-4ef5-9e99-d696377994b2","upshot","Disappointing Results of Major Study Point to Better Ways to Cut Health Care Waste","https://www.nytimes.com/2020/01/08/upshot/major-study-health-waste.html"
"1e107f2b-96dc-471f-9562-269cae056df0","dining","What to Cook This Week","https://www.nytimes.com/2020/01/05/dining/what-to-cook-this-week.html"
"694c90e6-7705-4e02-a59a-c4b2676b135e","style","Losing Meghan, Prince Harry and (Potentially) Billions of Pounds","https://www.nytimes.com/2020/01/09/style/harry-meghan.html"
"d32be928-e1d0-4f90-bba1-720a4d4b28a8","arts","‘Ugly Betty’ Executive Producer Silvio Horta Dies at 45","https://www.nytimes.com/2020/01/08/arts/television/silvio-horta-dead.html"
"54a5331b-d3cd-479c-80fc-ec05313ddc5b","arts","You’re Not Going to Kill Them With Kindness. You’ll Do Just the Opposite.","https://www.nytimes.com/2020/01/08/books/review/help-desk-judith-newman.html"
"1c605de8-7886-4e12-a8f9-8bf1b4fbd546","dining","T’s Favorite Nourishing Recipes for a More Healthful 2020","https://www.nytimes.com/2020/01/07/t-magazine/clean-eating-recipes.html"
"cbbc1f9b-429c-4922-9a51-72c7580969cb","us","Anticipation Building, Pelosi Says She Will Send Impeachment Articles ‘Soon’","https://www.nytimes.com/2020/01/09/us/politics/impeachment-articles.html"
"10bc94a9-aab0-496a-a18c-1a3e373bbcdf","health","A Reporter’s Dive Into the Legal Deep of Psychotherapy","https://www.nytimes.com/2020/01/05/reader-center/psychotherapy-keith-ablow.html"
"1616e89b-4aa8-4e20-9593-deefc4c8c032","science","Some of Australia’s Smallest Species Could Be Lost to Wildfires","https://www.nytimes.com/2020/01/09/science/australia-fire-ecology-insects.html"
"880e93ab-2f8a-4cb5-9402-aeef283f8880","arts","‘The Outsider’ Brings a Faceless Terror, and Stephen King, to HBO","https://www.nytimes.com/2020/01/09/arts/television/the-outsider-stephen-king-hbo.html"
"3a7a892c-6220-4567-80c8-ebb2094ef8d6","nyregion","Wild Gunfire Involving Police Leaves Two Dead in the East Village","https://www.nytimes.com/2020/01/09/nyregion/ny-police-shooting-east-village.html"
"cf18071b-70ef-4e59-ac1d-6f34bbecd111","climate","A Restaurant With No Leftovers","https://www.nytimes.com/2020/01/01/business/zero-waste-restaurants.html"
"e3198fbe-0051-4378-88d4-a5e60d56b703","us","Into The Dark: Puerto Rico After the Earthquake","https://www.nytimes.com/2020/01/09/us/puerto-rico-earthquake.html"
"b7ec8345-ae1f-4560-8c2c-3e11efcfbe5f","upshot","With Partial Flavor Ban, Trump Splits the Difference on Vaping","https://www.nytimes.com/2020/01/02/health/flavor-ban-e-cigarettes.html"
"ea7301c8-c1a3-4d79-93ab-7e1db1b898c2","arts","Harry and Meghan’s Exit Has Been Dramatized Before","https://www.nytimes.com/2020/01/09/theater/harry-meghan-king-charles-iii-play.html"
"ac0dd8c2-e3dd-465e-a923-9d38a53d00bc","climate","One Thing You Can Do: Make Your New Year’s Resolutions Count","https://www.nytimes.com/2020/01/01/climate/nyt-climate-newsletter-resolutions-fireworks.html"
"a7ce9710-3b5c-4ba8-9c26-7590aac12d67","us","Vaping Kills a 15-Year-Old in Texas","https://www.nytimes.com/2020/01/09/health/teen-vaping-death.html"
"7d1cd5ae-e188-4e1f-b072-7909f80444c9","us","Teacher Is Charged With Battery After Throwing Student Out of Class","https://www.nytimes.com/2020/01/09/us/buddy-taylor-middle-school-teacher-arrest.html"
"190d694f-b049-4583-8660-1ebb9cb5c471","education","William McFeely, Pulitzer-Winning Historian, Dies at 89","https://www.nytimes.com/2019/12/13/books/william-mcfeely-pulitzer-winning-historian-dies-at-89.html"
"1be916bd-b898-4007-aab8-39a6bda1c3c2","world","At ‘Sacred’ Lake, Chinese Declare Love for Xi and Communist Party","https://www.nytimes.com/2020/01/08/world/asia/china-xi-communist-party-oath-nanhu-lake.html"
"41886034-9cb6-4698-a193-500c306a9ad9","climate","Bernie Sanders’s Latest Endorsement: Sunrise Movement","https://www.nytimes.com/2020/01/09/us/politics/bernie-sanders-sunrise-movement-endorsement.html"
"81a87340-75e3-47cb-a248-b36e9213b29b","business","Even NASCAR Drivers Need a Stylist","https://www.nytimes.com/2020/01/08/style/stylist-NASCAR-NFL-red-carpet.html"
"9d81d534-9dc9-41bc-a994-91201d4ea9ce","science","June Bacon-Bercey, 90, Pathbreaking Meteorologist, Is Dead","https://www.nytimes.com/2020/01/07/science/june-bacon-bercey-90-pathbreaking-meteorologist-is-dead.html"
